Title,Date
"New Girl: Season 2: Cooler","2/15/23"
"New Girl: Season 2: Pepperwood","2/15/23"
"New Girl: Season 2: A Father's Love","2/15/23"
"Better Call Saul: Season 5: Wexler v. Goodman","2/14/23"
"New Girl: Season 2: Cabin","2/14/23"
"New Girl: Season 2: Santa","2/13/23"
"New Girl: Season 2: Bathtub","2/13/23"
"New Girl: Season 2: Eggs","2/13/23"
"New Girl: Season 2: Parents","2/10/23"
"New Girl: Season 2: Menzies","2/10/23"
"New Girl: Season 2: Halloween","2/10/23"
"New Girl: Season 2: Models","2/10/23"
"New Girl: Season 2: Neighbors","2/8/23"
"New Girl: Season 2: Fluffer","2/8/23"
"New Girl: Season 2: Katie","2/8/23"
"New Girl: Season 2: Re-Launch","2/7/23"
"Better Call Saul: Season 3: Lantern","2/5/23"
"Better Call Saul: Season 3: Fall","2/5/23"
"Better Call Saul: Season 1: Uno","2/5/23"
"New Girl: Season 1: See Ya","2/4/23"
"New Girl: Season 1: Backslide","2/4/23"
"New Girl: Season 1: Tomatoes","2/2/23"
"New Girl: Season 1: Kids","2/1/23"
"New Girl: Season 1: Normal","2/1/23"
"New Girl: Season 1: Secrets","2/1/23"
"New Girl: Season 1: Fancyman, Part 2","1/31/23"
"New Girl: Season 1: Fancyman, Part 1","1/31/23"
"New Girl: Season 1: Control","1/31/23"
"New Girl: Season 1: Injured","1/31/23"
"New Girl: Season 1: Bully","1/31/23"
"New Girl: Season 1: Valentine's Day","1/31/23"
"New Girl: Season 1: The Landlord","1/31/23"
"New Girl: Season 1: Jess and Julia","1/30/23"
"New Girl: Season 1: The Story of the 50","1/30/23"
"New Girl: Season 1: The 23rd","1/30/23"
"New Girl: Season 1: Bad in Bed","1/27/23"
"New Girl: Season 1: Bells","1/27/23"
"New Girl: Season 1: Thanksgiving","1/26/23"
"New Girl: Season 1: Cece Crashes","1/24/23"
"New Girl: Season 1: Naked","1/23/23"
"New Girl: Season 1: Wedding","1/23/23"
"New Girl: Season 1: Kryptonite","1/22/23"
"New Girl: Season 1: Pilot","1/22/23"
"BoJack Horseman: Season 1: Say Anything","1/11/23"
"BoJack Horseman: Season 1: Our A-Story Is a 'D' Story","1/11/23"
"BoJack Horseman: Season 1: Live Fast, Diane Nguyen","1/11/23"
"BoJack Horseman: Season 1: Zoës and Zeldas","1/6/23"
"The Perks of Being a Wallflower","1/5/23"
"The Dictator","1/5/23"
"Haider","1/5/23"
"Collateral","1/5/23"
"Meet the Parents","1/5/23"
"Seinfeld: Season 7: The Seven","1/4/23"
"Seinfeld: Season 7: The Caddy","1/4/23"
"Seinfeld: Season 7: The Rye","1/4/23"
"Seinfeld: Season 7: The Gum","1/4/23"
"Seinfeld: Season 7: The Sponge","1/4/23"
"Seinfeld: Season 7: The Pool Guy","1/4/23"
"Seinfeld: Season 7: The Secret Code","1/4/23"
"Seinfeld: Season 7: The Soup Nazi","1/4/23"
"Seinfeld: Season 7: The Hot Tub","1/4/23"
"Seinfeld: Season 7: The Wink","1/4/23"
"Seinfeld: Season 7: The Maestro","1/4/23"
"Bill Burr: Live at Red Rocks","1/4/23"
"Seinfeld: Season 7: The Postponement","1/3/23"
"Seinfeld: Season 7: The Engagement","1/3/23"
"Seinfeld: Season 6: The Understudy","1/3/23"
"Seinfeld: Season 6: The Diplomats Club","1/3/23"
"Seinfeld: Season 6: The Fusilli Jerry","1/3/23"
"RRR (Hindi)","12/29/22"
"The Gray Man","12/28/22"
"Delhi Belly","12/26/22"
"Sacred Games: Season 2: Radcliffe","12/26/22"
"Sacred Games: Season 2: Torino","12/26/22"
"Sacred Games: Season 2: Azrael","12/26/22"
"Seinfeld: Season 6: The Doodle","12/26/22"
"Seinfeld: Season 6: The Jimmy","12/26/22"
"Seinfeld: Season 6: The Doorman","12/26/22"
"Seinfeld: Season 6: The Kiss Hello","12/26/22"
"Seinfeld: Season 6: The Switch","12/26/22"
"Seinfeld: Season 6: The Scofflaw","12/26/22"
"Seinfeld: Season 6: The Label Maker","12/26/22"
"Seinfeld: Season 6: The Race","12/26/22"
"Seinfeld: Season 6: The Mom & Pop Store","12/26/22"
"Seinfeld: Season 6: The Big Salad","12/26/22"
"Seinfeld: Season 5: The Hamptons","12/26/22"
"Seinfeld: Season 5: The Fire","12/24/22"
"Seinfeld: Season 5: The Raincoats, Part I & II","12/24/22"
"Seinfeld: Season 5: The Wife","12/24/22"
"Seinfeld: Season 5: The Stand-In","12/24/22"
"Seinfeld: Season 5: The Pie","12/24/22"
"Seinfeld: Season 5: The Dinner Party","12/24/22"
"Seinfeld: Season 5: The Stall","12/24/22"
"Seinfeld: Season 5: The Conversion","12/24/22"
"Seinfeld: Season 5: The Cigar Store Indian","12/24/22"
"Seinfeld: Season 5: The Sniffing Accountant","12/24/22"
"BoJack Horseman: Season 1: Prickly-Muffin","12/23/22"
"Glass Onion: A Knives Out Mystery","12/23/22"
"Servant of the People: Season 1: Episode 10","12/23/22"
"Servant of the People: Season 1: Episode 9","12/23/22"
"Servant of the People: Season 1: Episode 8","12/23/22"
"Servant of the People: Season 1: Episode 7","12/23/22"
"Servant of the People: Season 1: Episode 6","12/23/22"
"Servant of the People: Season 1: Episode 5","12/23/22"
"BoJack Horseman: Season 1: BoJack Hates the Troops","12/22/22"
"BoJack Horseman: Season 1: BoJack Horseman: The BoJack Horseman Story, Chapter One","12/22/22"
"Sacred Games: Season 2: Vikarna","12/21/22"
"Sacred Games: Season 2: Bardo","12/21/22"
"Sacred Games: Season 2: Apasmara","12/21/22"
"Sacred Games: Season 2: Matsya","12/16/22"
"Sacred Games: Season 2: Siduri","12/16/22"
"Up in the Air","12/15/22"
"Seinfeld: Season 5: The Glasses","12/14/22"
"Seinfeld: Season 5: The Puffy Shirt","12/14/22"
"This Is the End","12/10/22"
"Sacred Games: Season 1: Yayati","12/7/22"
"Sacred Games: Season 1: Rudra","12/6/22"
"Sacred Games: Season 1: Pretakalpa","12/6/22"
"Sacred Games: Season 1: Sarama","12/6/22"
"Sacred Games: Season 1: Brahmahatya","12/5/22"
"Sacred Games: Season 1: Atapi Vatapi","11/30/22"
"Sacred Games: Season 1: Halahala ","11/29/22"
"Sacred Games: Season 1: Ashwathama ","11/28/22"
"Red Notice","11/25/22"
"All Quiet on the Western Front","11/25/22"
"Breaking Bad: Season 5: Felina","11/21/22"
"Breaking Bad: Season 5: Granite State","11/20/22"
"Seinfeld: Season 5: The Mango","11/18/22"
"Seinfeld: Season 4: The Pilot, Part I & II","11/18/22"
"Breaking Bad: Season 5: Ozymandias","11/18/22"
"Seinfeld: Season 4: The Handicap Spot","11/17/22"
"Seinfeld: Season 4: The Smelly Car","11/17/22"
"Seinfeld: Season 4: The Junior Mint","11/17/22"
"Seinfeld: Season 4: The Old Man","11/17/22"
"Seinfeld: Season 4: The Outing","11/17/22"
"Seinfeld: Season 4: The Shoes","11/17/22"
"Breaking Bad: Season 5: To'hajiilee","11/16/22"
"Breaking Bad: Season 5: Rabid Dog","11/16/22"
"Breaking Bad: Season 5: Confessions","11/15/22"
"Kim's Convenience: Season 1: Gay Discount","11/13/22"
"Seinfeld: Season 4: The Visa","11/13/22"
"Seinfeld: Season 4: The Movie","11/13/22"
"Seinfeld: Season 4: The Pick","11/13/22"
"Seinfeld: Season 4: The Airport","11/13/22"
"Breaking Bad: Season 5: Buried","11/12/22"
"Breaking Bad: Season 5: Blood Money","11/12/22"
"Breaking Bad: Season 5: Gliding Over All","11/11/22"
"Breaking Bad: Season 5: Say My Name","11/9/22"
"Breaking Bad: Season 5: Buyout","11/8/22"
"Breaking Bad: Season 5: Dead Freight","11/7/22"
"Breaking Bad: Season 5: Fifty-One","11/7/22"
"Breaking Bad: Season 5: Hazard Pay","10/31/22"
"Seinfeld: Season 1: Seinfeld","10/30/22"
"Servant of the People: Season 1: Episode 4","10/26/22"
"Servant of the People: Season 1: Episode 3","10/25/22"
"Servant of the People: Season 1: Episode 2","10/25/22"
"Breaking Bad: Season 5: Madrigal","10/24/22"
"Breaking Bad: Season 5: Live Free Or Die","10/23/22"
"Seinfeld: Season 9: Finale, Part I & II","10/22/22"
"Breaking Bad: Season 4: Face Off","10/21/22"
"I Think You Should Leave with Tim Robinson: Season 2: I need a wet paper towel.","10/18/22"
"Bill Burr: I'm Sorry You Feel That Way","10/18/22"
"Breaking Bad: Season 4: End Times","10/16/22"
"Breaking Bad: Season 4: Crawl Space","10/15/22"
"I Think You Should Leave with Tim Robinson: Season 1: Has This Ever Happened To You?","10/14/22"
"I Think You Should Leave with Tim Robinson: Season 1: We Used to Watch This At My Old Work","10/14/22"
"Breaking Bad: Season 4: Salud","10/13/22"
"Breaking Bad: Season 4: Bug","10/12/22"
"Breaking Bad: Season 4: Hermanos","10/11/22"
"Breaking Bad: Season 4: Problem Dog","10/9/22"
"Breaking Bad: Season 4: Cornered","10/4/22"
"Breaking Bad: Season 4: Shotgun","10/3/22"
"Breaking Bad: Season 4: Bullet Points","10/3/22"
"Seinfeld: Season 9: The Clip Show, Part I & II","10/2/22"
"Breaking Bad: Season 4: Open House","9/28/22"
"Breaking Bad: Season 4: Thirty-Eight Snub","9/22/22"
"Never Have I Ever: Season 3: ...lived the dream","9/21/22"
"Never Have I Ever: Season 3: …had an Indian boyfriend","9/21/22"
"The Other Guys","9/20/22"
"Never Have I Ever: Season 3: ...hooked up with my boyfriend","9/19/22"
"Seinfeld: Season 5: The Barber","9/19/22"
"Seinfeld: Season 9: The Puerto Rican Day","9/19/22"
"Seinfeld: Season 9: The Maid","9/18/22"
"Never Have I Ever: Season 3: ...cheated","9/17/22"
"Seinfeld: Season 9: The Frogger","9/16/22"
"Seinfeld: Season 9: The Bookstore","9/16/22"
"Seinfeld: Season 9: The Burning","9/16/22"
"Seinfeld: Season 9: The Wizard","9/16/22"
"Seinfeld: Season 9: The Strongbox","9/15/22"
"Seinfeld: Season 9: The Cartoon","9/15/22"
"Seinfeld: Season 9: The Reverse Peephole","9/14/22"
"Seinfeld: Season 9: The Dealership","9/14/22"
"Seinfeld: Season 9: The Strike","9/14/22"
"Never Have I Ever: Season 3: ...had a breakdown","9/13/22"
"Never Have I Ever: Season 3: ...been ghosted","9/11/22"
"Never Have I Ever: Season 3: ...made someone jealous","9/11/22"
"Never Have I Ever: Season 3: …had a valentine","9/11/22"
"Breaking Bad: Season 4: Box Cutter","9/11/22"
"Breaking Bad: Season 3: Full Measure","9/10/22"
"Breaking Bad: Season 3: Half Measures","9/9/22"
"Breaking Bad: Season 3: Abiquiu","9/9/22"
"Breaking Bad: Season 3: Fly","9/9/22"
"Breaking Bad: Season 3: Kafkaesque","9/8/22"
"Breaking Bad: Season 3: I See You","9/8/22"
"Breaking Bad: Season 3: One Minute","9/7/22"
"Breaking Bad: Season 3: Sunset","9/7/22"
"Breaking Bad: Season 3: Mas","9/7/22"
"Breaking Bad: Season 3: Green Light","9/7/22"
"Breaking Bad: Season 3: I.F.T.","9/6/22"
"Breaking Bad: Season 3: Caballo Sin Nombre","8/31/22"
"Servant of the People: Season 1: Episode 1","8/31/22"
"Breaking Bad: Season 3: No Más","8/30/22"
"Breaking Bad: Season 2: ABQ","8/30/22"
"Breaking Bad: Season 2: Phoenix","8/29/22"
"Breaking Bad: Season 2: Mandala","8/29/22"
"Seinfeld: Season 9: The Apology","8/28/22"
"Seinfeld: Season 9: The Betrayal","8/28/22"
"Seinfeld: Season 9: The Slicer","8/28/22"
"I Think You Should Leave with Tim Robinson: Season 2: They have a cake shop there Susan where the cakes just look stunning.","8/27/22"
"Seinfeld: Season 9: The Merv Griffin Show","8/27/22"
"Seinfeld: Season 9: The Junk Mail","8/27/22"
"Seinfeld: Season 9: The Blood","8/27/22"
"Seinfeld: Season 9: The Serenity Now","8/27/22"
"Seinfeld: Season 9: The Voice","8/27/22"
"Breaking Bad: Season 2: Over","8/26/22"
"Breaking Bad: Season 2: 4 Days Out","8/26/22"
"Breaking Bad: Season 2: Better Call Saul","8/26/22"
"Breaking Bad: Season 2: Negro y Azul","8/25/22"
"Breaking Bad: Season 2: Peekaboo","8/23/22"
"Breaking Bad: Season 2: Breakage","8/23/22"
"8 Mile","8/23/22"
"Kung Fu Panda 2","8/22/22"
"Seinfeld: Season 9: The Butter Shave","8/22/22"
"Seinfeld: Season 8: The Summer of George","8/22/22"
"Seinfeld: Season 8: The Muffin Tops","8/22/22"
"Seinfeld: Season 8: The Millennium","8/22/22"
"Seinfeld: Season 8: The Yada Yada","8/21/22"
"Seinfeld: Season 8: The Nap","8/21/22"
"Anchorman: The Legend of Ron Burgundy","8/21/22"
"Breaking Bad: Season 2: Down","8/21/22"
"Breaking Bad: Season 2: Bit by a Dead Bee","8/21/22"
"Seinfeld: Season 8: The English Patient","8/21/22"
"Seinfeld: Season 8: The Pothole","8/21/22"
"Seinfeld: Season 8: The Susie","8/21/22"
"Seinfeld: Season 8: The Van Buren Boys","8/21/22"
"Seinfeld: Season 8: The Comeback","8/21/22"
"Breaking Bad: Season 2: Grilled","8/21/22"
"Breaking Bad: Season 2: Seven Thirty-Seven","8/20/22"
"Breaking Bad: Season 1: A No-Rough-Stuff-Type Deal","8/19/22"
"Breaking Bad: Season 1: Crazy Handful of Nothin'","8/19/22"
"Breaking Bad: Season 1: Gray Matter","8/18/22"
"Breaking Bad: Season 1: Cancer Man","8/18/22"
"Breaking Bad: Season 1: And the Bag's in the River","8/17/22"
"Breaking Bad: Season 1: The Cat's in the Bag","8/17/22"
"Breaking Bad: Season 1: Pilot","8/16/22"
"Seinfeld: Season 8: The Money","8/15/22"
"Seinfeld: Season 8: The Little Jerry","8/1/22"
"Seinfeld: Season 8: The Andrea Doria","7/30/22"
"Seinfeld: Season 8: The Abstinence","7/30/22"
"Seinfeld: Season 8: The Chicken Roaster","7/29/22"
"Seinfeld: Season 8: The Checks","7/29/22"
"Better Call Saul: Season 5: Something Unforgivable","7/29/22"
"Better Call Saul: Season 5: Bad Choice Road","7/27/22"
"Better Call Saul: Season 5: Bagman","7/27/22"
"Seinfeld: Season 8: The Fatigues","7/25/22"
"Better Call Saul: Season 5: JMM","7/24/22"
"Seinfeld: Season 8: The Package","7/24/22"
"Seinfeld: Season 8: The Little Kicks","7/24/22"
"Seinfeld: Season 8: The Bizarro Jerry","7/24/22"
"Seinfeld: Season 8: The Soulmate","7/24/22"
"Seinfeld: Season 8: The Foundation","7/24/22"
"Seinfeld: Season 7: The Invitations","7/24/22"
"Seinfeld: Season 7: The Wait Out","7/19/22"
"Seinfeld: Season 7: The Bottle Deposit, Part I & II","7/19/22"
"Better Call Saul: Season 5: Dedicado a Max","7/18/22"
"Better Call Saul: Season 5: Namaste","7/18/22"
"Better Call Saul: Season 5: The Guy for This","7/17/22"
"Better Call Saul: Season 5: 50% Off","7/16/22"
"Better Call Saul: Season 5: Magic Man","7/15/22"
"Better Call Saul: Season 4: Winner","7/14/22"
"Better Call Saul: Season 4: Wiedersehen","7/14/22"
"Better Call Saul: Season 4: Coushatta","7/13/22"
"Better Call Saul: Season 4: Something Stupid","7/13/22"
"Better Call Saul: Season 4: Piñata","7/10/22"
"Seinfeld: Season 7: The Calzone","7/10/22"
"Better Call Saul: Season 4: Quite a Ride","7/10/22"
"Better Call Saul: Season 4: Talk","7/9/22"
"Better Call Saul: Season 4: Something Beautiful","7/9/22"
"Better Call Saul: Season 4: Breathe","7/9/22"
"Seinfeld: Season 7: The Wig Master","7/7/22"
"Seinfeld: Season 7: The Friars Club","7/7/22"
"Better Call Saul: Season 4: Smoke","7/6/22"
"Seinfeld: Season 7: The Doll","7/5/22"
"Seinfeld: Season 7: The Shower Head","7/4/22"
"Seinfeld: Season 7: The Cadillac, Part I & II","7/4/22"
"Better Call Saul: Season 3: Slip","7/4/22"
"Better Call Saul: Season 3: Expenses","6/21/22"
"Better Call Saul: Season 3: Off Brand","6/21/22"
"Better Call Saul: Season 3: Chicanery","6/20/22"
"Better Call Saul: Season 3: Sabrosito","6/20/22"
"Better Call Saul: Season 3: Sunk Costs","6/20/22"
"Better Call Saul: Season 3: Witness","6/20/22"
"Better Call Saul: Season 3: Mabel","6/20/22"
"Better Call Saul: Season 2: Klick","6/19/22"
"Better Call Saul: Season 2: Nailed","6/19/22"
"Better Call Saul: Season 2: Fifi","6/19/22"
"Better Call Saul: Season 2: Inflatable","6/19/22"
"Better Call Saul: Season 2: Bali Ha'i","6/19/22"
"Better Call Saul: Season 2: Rebecca","6/19/22"
"Better Call Saul: Season 2: Gloves Off","6/18/22"
"Better Call Saul: Season 2: Amarillo","6/18/22"
"Better Call Saul: Season 2: Cobbler","6/18/22"
"Better Call Saul: Season 2: Switch","6/18/22"
"Better Call Saul: Season 1: Marco","6/17/22"
"Better Call Saul: Season 1: Pimento","6/17/22"
"Better Call Saul: Season 1: Rico","6/17/22"
"Better Call Saul: Season 1: Bingo","6/17/22"
"Better Call Saul: Season 1: Five-O","6/17/22"
"Better Call Saul: Season 1: Alpine Shepherd Boy","6/16/22"
"Better Call Saul: Season 1: Hero","6/15/22"
"I Think You Should Leave with Tim Robinson: Season 2: Everyone just needs to be more in the moment.","6/15/22"
"Better Call Saul: Season 1: Nacho","6/15/22"
"Better Call Saul: Season 1: Mijo","6/14/22"
"Shyam Singha Roy","6/13/22"
"Seinfeld: Season 6: The Face Painter","5/15/22"
"I Think You Should Leave with Tim Robinson: Season 2: You sure about that? You sure about that that's why?","5/11/22"
"I Think You Should Leave with Tim Robinson: Season 1: I'm Wearing One of Their Belts Right Now","5/11/22"
"I Think You Should Leave with Tim Robinson: Season 1: Oh Crap, A Bunch More Bad Stuff Just Happened","5/11/22"
"I Think You Should Leave with Tim Robinson: Season 2: They said that to me at a dinner.","4/15/22"
"Seinfeld: Season 6: The Beard","3/30/22"
"Seinfeld: Season 6: 100th Episode Special","3/30/22"
"Seinfeld: Season 6: The Secretary","3/17/22"
"Seinfeld: Season 6: The Soup","3/15/22"
"Seinfeld: Season 6: The Gymnast","3/13/22"
"Seinfeld: Season 6: The Couch","3/13/22"
"Seinfeld: Season 6: The Chinese Woman","3/11/22"
"Seinfeld: Season 6: The Pledge Drive","3/10/22"
"Seinfeld: Season 6: The Chaperone","3/9/22"
"Seinfeld: Season 5: The Opposite","3/2/22"
"Murderville: The Magician’s Assistant","2/24/22"
"I Think You Should Leave with Tim Robinson: Season 1: Thanks For Thinking They Are Cool","2/21/22"
"Seinfeld: Season 4: The Cheever Letters","2/21/22"
"Seinfeld: Season 5: The Marine Biologist","2/16/22"
"Seinfeld: Season 5: The Masseuse","1/31/22"
"Seinfeld: Season 5: The Non-Fat Yogurt","1/26/22"
"Seinfeld: Season 5: The Lip Reader","1/26/22"
"Seinfeld: Season 5: The Bris","1/26/22"
"Ozark: Season 1: Sugarwood","1/18/22"
"Peaky Blinders: Season 1: Episode 2","1/15/22"
"Peaky Blinders: Season 1: Episode 1","1/15/22"
"Close Enemies","1/13/22"
"Ronaldo","1/13/22"
" ","1/13/22"
"Somos.: The Lazy Herd","1/13/22"
"The Snitch Cartel: Origins: Episode 1","1/13/22"
"Countdown to Death: Pablo Escobar","1/13/22"
"Monarca: Season 1: The Pruning","1/13/22"
"World's Most Wanted: Ismael El Mayo Zambada Garcia: The Head of the Sinaloa Cartel","1/13/22"
"The Legend of Cocaine Island","1/13/22"
"Drug Lords: Season 2: El Chapo","1/13/22"
"When Heroes Fly: Resurrection","1/13/22"
"Maktub","1/13/22"
"Dogs of Berlin: V.I.P.","1/13/22"
"Ferry","1/13/22"
"Undercover: Season 3: Showdown","1/13/22"
"Undercover: Season 3: Total Loss","1/13/22"
"Undercover: Season 3: Pater Familias","1/13/22"
"Undercover: Season 3: Rat in the Kitchen","1/13/22"
"Undercover: Season 3: All-in Resort","1/12/22"
"Undercover: Season 3: Trust Issues","1/12/22"
"Undercover: Season 3: Festival Shop Super Sales","1/12/22"
"Undercover: Season 3: Evil Eye","1/12/22"
"Undercover: Season 2: War","1/12/22"
"Seinfeld: Season 4: The Implant","1/12/22"
"Undercover: Season 2: Reconstruction","1/12/22"
"Undercover: Season 2: Roadblock","1/12/22"
"Undercover: Season 2: Enricochet","1/12/22"
"Undercover: Season 2: Victor","1/12/22"
"Undercover: Season 2: Revolution","1/12/22"
"Undercover: Season 2: Trojan Horse Power","1/12/22"
"Undercover: Season 2: Soldiers of Love","1/12/22"
"Undercover: Season 2: Pentagon","1/12/22"
"Undercover: Season 2: El Dorado","1/12/22"
"Undercover: Season 1: Showtime","1/12/22"
"Undercover: Season 1: Rock Bottom","1/12/22"
"Undercover: Season 1: Nouveau Monde","1/12/22"
"Undercover: Season 1: That Cop's Face","1/11/22"
"Undercover: Season 1: Sirens","1/11/22"
"Undercover: Season 1: Across the Border","1/11/22"
"Undercover: Season 1: Legio Patria Nostra","1/11/22"
"Undercover: Season 1: Italian Designer Drugs","1/11/22"
"Undercover: Season 1: Highly Sensitive","1/11/22"
"Undercover: Season 1: Camping Zonnedauw","1/11/22"
"Emily in Paris: Season 2: Scents & Sensibility","1/10/22"
"Emily in Paris: Season 2: Champagne Problems","1/10/22"
"Emily in Paris: Season 2: The Cook, the Thief, Her Ghost and His Lover","1/10/22"
" ","1/10/22"
"365 Days","1/10/22"
"Emily in Paris: Season 2: Boiling Point","1/10/22"
"Emily in Paris: Season 2: An Englishman in Paris","1/10/22"
"Emily in Paris: Season 2: Jules and Em","1/10/22"
"Emily in Paris: Season 2: Bon Anniversaire!","1/10/22"
"Emily in Paris: Season 2: Do You Know the Way to St. Tropez?","1/10/22"
"Emily in Paris: Season 2: Voulez-Vous Coucher Avec Moi?","1/10/22"
"Seinfeld: Season 4: The Contest","1/6/22"
"Seinfeld: Season 4: The Virgin","1/2/22"
"Seinfeld: Season 4: The Opera","1/2/22"
"Looper","1/1/22"
"The Interview","1/1/22"
"Delhi Crime: Season 1: Episode 7","1/1/22"
"Delhi Crime: Season 1: Episode 6","1/1/22"
"Delhi Crime: Season 1: Episode 5","1/1/22"
"I Think You Should Leave with Tim Robinson: Season 2: Didn't you say there was gonna be five people at this table?","1/1/22"
"Delhi Crime: Season 1: Episode 4","1/1/22"
"Seinfeld: Season 4: The Bubble Boy","12/31/21"
"Emily in Paris: Season 1: Emily in Paris","12/20/21"
"Ozark: Season 2: Reparations","12/17/21"
"Ozark: Season 3: All In","12/17/21"
"Ozark: Season 3: Fire Pink","12/17/21"
"Ozark: Season 3: BFF","12/17/21"
"Ozark: Season 3: In Case of Emergency","12/17/21"
"Ozark: Season 3: Su Casa Es Mi Casa","12/16/21"
"Ozark: Season 3: It Came from Michoacán","12/16/21"
"Ozark: Season 3: Boss Fight","12/15/21"
"Ozark: Season 3: Kevin Cronin Was Here","12/15/21"
"Ozark: Season 3: Civil Union","12/15/21"
"Ozark: Season 3: Wartime","12/15/21"
"Ozark: Season 2: The Gold Coast","12/15/21"
"Ozark: Season 2: The Badger","12/15/21"
"Ozark: Season 2: The Big Sleep","12/15/21"
"Ozark: Season 2: One Way Out","12/15/21"
"Seinfeld: Season 4: The Watch","12/15/21"
"Seinfeld: Season 4: The Wallet","12/15/21"
"Seinfeld: Season 4: The Pitch/Ticket","12/15/21"
"Ozark: Season 2: Outer Darkness","12/15/21"
"Ozark: Season 2: Game Day","12/14/21"
"Ozark: Season 2: Stag","12/14/21"
"Ozark: Season 2: Once a Langmore...","12/14/21"
"Ozark: Season 2: The Precious Blood of Jesus","12/14/21"
"Ozark: Season 1: The Toll","12/14/21"
"Ozark: Season 1: Coffee, Black","12/14/21"
"Ozark: Season 1: Kaleidoscope","12/14/21"
"Ozark: Season 1: Nest Box","12/14/21"
"Ozark: Season 1: Book of Ruth","12/14/21"
"Ozark: Season 1: Ruling Days","12/14/21"
" : Episode 5","12/14/21"
" : Episode 4","12/14/21"
" : Episode 3","12/14/21"
"Ozark: Season 1: Tonight We Improvise","12/13/21"
"Ozark: Season 1: My Dripping Sleep","12/13/21"
"Ozark: Season 1: Blue Cat","12/13/21"
"Hashoter Hatov: Episode 2","12/13/21"
"Escaping Tel Aviv","12/13/21"
"Fauda: Season 3: Episode 12","12/13/21"
"Fauda: Season 3: Episode 11","12/13/21"
"Fauda: Season 1: Episode 1","12/13/21"
"Seinfeld: Season 4: The Trip, Part II","12/11/21"
"Seinfeld: Season 4: The Trip, Part I","12/10/21"
"Seinfeld: Season 3: The Keys","12/9/21"
"Seinfeld: Season 3: The Parking Space","12/9/21"
"New Girl: Season 3: Clavado En Un Bar","12/8/21"
"New Girl: Season 6: Jaipur Aviv","12/8/21"
"Seinfeld: Season 3: The Letter","12/8/21"
"Seinfeld: Season 3: The Good Samaritan","12/8/21"
"Seinfeld: Season 3: The Limo","12/8/21"
"Seinfeld: Season 3: The Boy Friend, Part I & II","12/6/21"
"Seinfeld: Season 3: The Fix-Up","12/5/21"
"Seinfeld: Season 3: The Suicide","12/5/21"
"Seinfeld: Season 3: The Pez Dispenser","12/4/21"
"Seinfeld: Season 3: The Subway","12/4/21"
"Seinfeld: Season 3: The Red Dot","12/3/21"
"Seinfeld: Season 3: The Alternate Side","12/2/21"
"Seinfeld: Season 3: The Stranded","12/1/21"
"Seinfeld: Season 3: The Nose Job","12/1/21"
"Seinfeld: Season 3: The Tape","12/1/21"
"Seinfeld: Season 3: The Cafe","12/1/21"
"Seinfeld: Season 3: The Parking Garage","11/30/21"
"Seinfeld: Season 3: The Library","11/30/21"
"Seinfeld: Season 3: The Dog","11/29/21"
"Seinfeld: Season 3: The Pen","11/29/21"
"Seinfeld: Season 3: The Truth","11/28/21"
"Seinfeld: Season 3: The Note","11/28/21"
"Seinfeld: Season 2: The Busboy","11/28/21"
"Seinfeld: Season 2: The Chinese Restaurant","11/28/21"
"Squid Game: Season 1: One Lucky Day","11/27/21"
"Squid Game: Season 1: Front Man","11/27/21"
"Squid Game: Season 1: VIPS","11/27/21"
"Seinfeld: Season 2: The Baby Shower","11/27/21"
"Squid Game: Season 1: Gganbu","11/27/21"
"Seinfeld: Season 2: The Deal","11/27/21"
"Squid Game: Season 1: A Fair World","11/26/21"
"Squid Game: Season 1: Stick to the Team","11/26/21"
"Seinfeld: Season 2: The Heart Attack","11/26/21"
"Seinfeld: Season 2: The Revenge","11/26/21"
"Squid Game: Season 1: The Man with the Umbrella","11/26/21"
"Squid Game: Season 1: Hell","11/25/21"
"Squid Game: Season 1: Red Light, Green Light","11/25/21"
"The Game","11/24/21"
"Arrested Development: Season 5: The Fallout","11/24/21"
"Arrested Development: Season 5: Courting Disasters","11/24/21"
"Seinfeld: Season 2: The Statue","11/22/21"
"Arrested Development: Season 5: Saving For Arraignment Day","11/22/21"
"Arrested Development: Season 5: The Untethered Sole","11/22/21"
"Arrested Development: Season 5: Check Mates","11/21/21"
"Seinfeld: Season 2: The Apartment","11/21/21"
"Arrested Development: Season 5: Chain Migration","11/19/21"
"Arrested Development: Season 5: Taste Makers","11/18/21"
"Seinfeld: Season 2: The Phone Message","11/17/21"
"Arrested Development: Season 5: Unexpected Company","11/17/21"
"Arrested Development: Season 5: Premature Independence","11/17/21"
"Seinfeld: Season 2: The Jacket","11/16/21"
"Sex Education: Season 3: Episode 8","11/16/21"
"Seinfeld: Season 2: The Pony Remark","11/16/21"
"Arrested Development: Season 5: Rom-Traum","11/16/21"
"Seinfeld: Season 2: The Ex-Girlfriend","11/15/21"
"Seinfeld: Season 1: The Stock Tip","11/15/21"
"Arrested Development: Season 5: Emotional Baggage","11/13/21"
"Arrested Development: Season 5: Sinking Feelings","11/13/21"
"Sex Education: Season 3: Episode 7","11/10/21"
"Sex Education: Season 3: Episode 6","11/10/21"
"Sex Education: Season 3: Episode 5","11/9/21"
"Arrested Development: Season 5: An Old Start","11/9/21"
"Arrested Development: Season 5: Everyone Gets Atrophy","11/8/21"
"Mystic River","11/7/21"
"Arrested Development: Season 5: Self-Deportation","11/7/21"
"Seinfeld: Season 1: Male Unbonding","11/7/21"
"Seinfeld: Season 1: The Robbery","11/7/21"
"Sex Education: Season 3: Episode 4","11/5/21"
"Sex Education: Season 3: Episode 3","11/4/21"
"BoJack Horseman: Season 3: Best Thing That Ever Happened","11/4/21"
"Sex Education: Season 3: Episode 2","11/3/21"
"Grown Ups","11/1/21"
"Sex Education: Season 3: Episode 1","11/1/21"
"Sex Education: Season 2: Episode 8","10/29/21"
"Sex Education: Season 2: Episode 7","10/29/21"
"Sex Education: Season 2: Episode 6","10/27/21"
"Sex Education: Season 2: Episode 5","10/26/21"
"Sex Education: Season 2: Episode 4","10/25/21"
"Sex Education: Season 2: Episode 3","10/25/21"
"Sex Education: Season 2: Episode 2","10/22/21"
"Sex Education: Season 2: Episode 1","10/22/21"
"Sex Education: Season 1: Episode 8","10/21/21"
"Sex Education: Season 1: Episode 7","10/20/21"
"Sex Education: Season 1: Episode 6","10/15/21"
"Sex Education: Season 1: Episode 5","10/15/21"
"Sex Education: Season 1: Episode 4","10/11/21"
"Seinfeld: Season 1: The Stake Out","10/9/21"
"Sex Education: Season 1: Episode 3","10/8/21"
"Sex Education: Season 1: Episode 2","10/7/21"
"Sex Education: Season 1: Episode 1","10/7/21"
" ","9/4/21"
"The Edge of Seventeen","9/4/21"
"BoJack Horseman: Season 3: Old Acquaintance","9/3/21"
"Kill Bill: Vol. 2","8/23/21"
"Kill Bill: Vol. 1","8/22/21"
"Minority Report","8/10/21"
"Never Have I Ever: Season 2: ... been a perfect girl","7/18/21"
"Never Have I Ever: Season 2: ... stalked my own mother","7/18/21"
"Never Have I Ever: Season 2: ... been Daisy Buchanan","7/18/21"
"Never Have I Ever: Season 2: ... begged for forgiveness","7/16/21"
"Never Have I Ever: Season 2: ... betrayed a friend","7/16/21"
"Never Have I Ever: Season 2: ... ruined someone's life","7/16/21"
"Never Have I Ever: Season 2: ... had an Indian frenemy","7/15/21"
"Never Have I Ever: Season 2: ... opened a textbook","7/15/21"
"Never Have I Ever: Season 2: ... thrown a rager","7/15/21"
"Never Have I Ever: Season 2: ... been a playa","7/15/21"
"BoJack Horseman: Season 3: Stop the Presses","7/8/21"
"How I Met Your Mother: Season 6: Subway Wars","7/4/21"
"BoJack Horseman: Season 2: Escape from L.A.","7/4/21"
"BoJack Horseman: Season 2: Yes And","7/4/21"
"I Think You Should Leave with Tim Robinson: Season 1: It's the Cigars You Smoke That Are Gonna Give You Cancer","7/2/21"
"Daniel Sloss: Live Shows: Jigsaw","7/2/21"
"The White Tiger","6/20/21"
"MacGruber","6/16/21"
"Inside Job","3/21/21"
"The Coldest Game","2/12/21"
"Training Day","2/7/21"
"Bad Boy Billionaires: India: The King of Good Times","2/6/21"
"Bill Burr: Paper Tiger","2/6/21"
"New Girl: Season 6: Homecoming","1/29/21"
"BoJack Horseman: Season 3: Start Spreading the News","1/16/21"
"How I Met Your Mother: The Pineapple Incident","1/6/21"
"No Country for Old Men","12/28/20"
"Paava Kadhaigal: Love Panna Uttranum","12/21/20"
" ","12/19/20"
"It's Always Sunny in Philadelphia: Season 11: The Gang Goes to Hell: Part Two","12/17/20"
"It's Always Sunny in Philadelphia: Season 11: The Gang Goes to Hell","12/17/20"
"It's Always Sunny in Philadelphia: Season 11: Charlie Catches a Leprechaun","12/17/20"
"It's Always Sunny in Philadelphia: Season 11: McPoyle vs. Ponderosa: The Trial of the Century","12/15/20"
"It's Always Sunny in Philadelphia: Season 11: Being Frank","12/15/20"
"It's Always Sunny in Philadelphia: Season 11: Mac & Dennis Move to the Suburbs","12/15/20"
"It's Always Sunny in Philadelphia: Season 11: Dee Made a Smut Film","12/15/20"
"It's Always Sunny in Philadelphia: Season 11: The Gang Hits the Slopes","12/14/20"
"It's Always Sunny in Philadelphia: Season 11: Frank Falls Out the Window","12/13/20"
"It's Always Sunny in Philadelphia: Season 11: Chardee MacDennis 2: Electric Boogaloo","12/13/20"
"It's Always Sunny in Philadelphia: Season 10: Ass Kickers United: Mac and Charlie Join a Cult","12/12/20"
"It's Always Sunny in Philadelphia: Season 10: Frank Retires","12/11/20"
"It's Always Sunny in Philadelphia: Season 10: The Gang Goes on Family Fight","12/5/20"
"It's Always Sunny in Philadelphia: Season 10: Mac Kills His Dad","12/5/20"
"It's Always Sunny in Philadelphia: Season 10: The Gang Misses the Boat","11/30/20"
"It's Always Sunny in Philadelphia: Season 10: The Gang Spies Like U.S.","11/26/20"
"It's Always Sunny in Philadelphia: Season 10: Charlie Work","11/26/20"
"It's Always Sunny in Philadelphia: Season 10: Psycho Pete Returns","11/25/20"
"It's Always Sunny in Philadelphia: Season 10: The Gang Group Dates","11/24/20"
"It's Always Sunny in Philadelphia: Season 10: The Gang Beats Boggs","11/24/20"
"It's Always Sunny in Philadelphia: Season 9: The Gang Squashes Their Beefs","11/23/20"
"It's Always Sunny in Philadelphia: Season 9: Flowers for Charlie","11/21/20"
"It's Always Sunny in Philadelphia: Season 9: The Gang Gets Quarantined","11/20/20"
"It's Always Sunny in Philadelphia: Season 9: The Gang Saves the Day","11/19/20"
"It's Always Sunny in Philadelphia: Season 9: Mac Day","11/18/20"
"It's Always Sunny in Philadelphia: Season 9: Mac and Dennis Buy a Timeshare","11/18/20"
"It's Always Sunny in Philadelphia: Season 9: The Gang Tries Desperately to Win an Award","11/17/20"
"It's Always Sunny in Philadelphia: Season 9: Gun Fever Too: Still Hot","10/28/20"
"It's Always Sunny in Philadelphia: Season 9: The Gang Broke Dee","10/25/20"
"It's Always Sunny in Philadelphia: Season 8: Reynolds vs. Reynolds: The Cereal Defense","10/25/20"
"It's Always Sunny in Philadelphia: Season 8: The Gang Dines Out","10/13/20"
"It's Always Sunny in Philadelphia: Season 8: Charlie Rules the World","10/13/20"
"It's Always Sunny in Philadelphia: Season 8: Frank's Back in Business","10/11/20"
"It's Always Sunny in Philadelphia: Season 8: Charlie's Mom Has Cancer","10/3/20"
"It's Always Sunny in Philadelphia: Season 8: The Gang Gets Analyzed","10/2/20"
"It's Always Sunny in Philadelphia: Season 8: Charlie and Dee Find Love","9/30/20"
"It's Always Sunny in Philadelphia: Season 8: The Maureen Ponderosa Wedding Massacre","9/30/20"
"It's Always Sunny in Philadelphia: Season 8: Pop-Pop: The Final Solution","9/30/20"
"It's Always Sunny in Philadelphia: Season 7: The High School Reunion: Part 2: The Gang's Revenge","9/29/20"
"It's Always Sunny in Philadelphia: Season 7: The High School Reunion","9/29/20"
"It's Always Sunny in Philadelphia: Season 7: Thunder Gun Express","9/28/20"
"It's Always Sunny in Philadelphia: Season 7: How Mac Got Fat","9/28/20"
"It's Always Sunny in Philadelphia: Season 7: The Gang Gets Trapped","9/26/20"
"It's Always Sunny in Philadelphia: Season 7: The ANTI-Social Network","9/25/20"
"It's Always Sunny in Philadelphia: Season 7: Chardee MacDennis: The Game of Games","9/24/20"
"It's Always Sunny in Philadelphia: Season 7: The Storm of the Century","9/24/20"
"It's Always Sunny in Philadelphia: Season 7: Frank's Brother","9/23/20"
"It's Always Sunny in Philadelphia: Season 7: Sweet Dee Gets Audited","9/23/20"
"It's Always Sunny in Philadelphia: Season 7: Frank Reynolds' Little Beauties","9/22/20"
"It's Always Sunny in Philadelphia: Season 7: The Gang Goes to the Jersey Shore","9/21/20"
"It's Always Sunny in Philadelphia: Season 7: Frank's Pretty Woman","9/21/20"
"It's Always Sunny in Philadelphia: Season 6: A Very Sunny Christmas","9/20/20"
"It's Always Sunny in Philadelphia: Season 6: Dee Gives Birth","9/15/20"
"It's Always Sunny in Philadelphia: Season 6: The Gang Gets Stranded in the Woods","9/13/20"
"It's Always Sunny in Philadelphia: Season 6: Charlie Kelly: King of the Rats","9/11/20"
"It's Always Sunny in Philadelphia: Season 6: The Gang Gets a New Member","9/8/20"
"It's Always Sunny in Philadelphia: Season 6: Who Got Dee Pregnant?","9/4/20"
"The Godfather","9/2/20"
"It's Always Sunny in Philadelphia: Season 6: Mac's Mom Burns Her House Down","9/1/20"
"It's Always Sunny in Philadelphia: Season 6: Mac and Charlie: White Trash","8/31/20"
"It's Always Sunny in Philadelphia: Season 6: Mac's Big Break","8/31/20"
"Kannum Kannum Kollaiyadithaal","8/30/20"
"It's Always Sunny in Philadelphia: Season 6: The Gang Buys a Boat","8/30/20"
"It's Always Sunny in Philadelphia: Season 6: Dennis Gets Divorced","8/26/20"
"It's Always Sunny in Philadelphia: Season 6: Mac Fights Gay Marriage","8/25/20"
"It's Always Sunny in Philadelphia: Season 5: The Gang Reignites the Rivalry","8/25/20"
"Never Have I Ever: Season 1: ... said I'm sorry","8/24/20"
"Never Have I Ever: Season 1: ... had to be on my best behavior","8/24/20"
"Never Have I Ever: Season 1: ... pissed off everyone I know","8/24/20"
"Never Have I Ever: Season 1: ... been a big, fat liar","8/24/20"
"Never Have I Ever: Season 1: ... been the loneliest boy in the world","8/24/20"
"Never Have I Ever: Season 1: ... started a nuclear war","8/23/20"
"Never Have I Ever: Season 1: ... felt super Indian","8/23/20"
"Never Have I Ever: Season 1: ... gotten drunk with the popular kids","8/23/20"
"Never Have I Ever: Season 1: ... had sex with Paxton Hall-Yoshida","8/21/20"
"Never Have I Ever: Season 1: Pilot","8/21/20"
"Black Mirror: Season 5: Rachel, Jack and Ashley Too","8/20/20"
"Black Mirror: Season 5: Smithereens","8/18/20"
"It's Always Sunny in Philadelphia: Season 5: Mac and Charlie Write a Movie","8/17/20"
"Black Mirror: Bandersnatch","8/13/20"
"It's Always Sunny in Philadelphia: Season 5: The D.E.N.N.I.S. System","8/13/20"
"Black Mirror: Season 5: Striking Vipers","8/12/20"
"Black Mirror: Season 4: Black Museum","8/12/20"
"Black Mirror: Season 4: Metalhead","8/10/20"
"Black Mirror: Season 4: Hang the DJ","8/10/20"
"It's Always Sunny in Philadelphia: Season 5: Mac and Dennis Break Up","8/9/20"
"Black Mirror: Season 4: Crocodile","8/9/20"
"Black Mirror: Season 4: Arkangel","8/7/20"
"Black Mirror: Season 4: USS Callister","8/7/20"
"It's Always Sunny in Philadelphia: Season 5: Paddy's Pub: Home of the Original Kitten Mittens","8/6/20"
"Black Mirror: Season 3: Hated in the Nation","8/6/20"
"Black Mirror: Season 3: Men Against Fire","8/5/20"
"Black Mirror: Season 3: San Junipero","8/4/20"
"Black Mirror: Season 3: Shut Up and Dance","8/3/20"
"The Prestige","8/2/20"
"Black Mirror: Season 3: Playtest","8/2/20"
"The Hangover","8/1/20"
"It's Always Sunny in Philadelphia: Season 5: The Gang Wrestles for the Troops","8/1/20"
"Black Mirror: Season 3: Nosedive","7/31/20"
"It's Always Sunny in Philadelphia: Season 5: The World Series Defense","7/31/20"
"It's Always Sunny in Philadelphia: Season 5: The Waitress Is Getting Married","7/31/20"
"Black Mirror: Season 2: White Christmas","7/27/20"
"It's Always Sunny in Philadelphia: Season 5: The Gang Gives Frank an Intervention","7/26/20"
"Black Mirror: Season 2: The Waldo Moment","7/24/20"
"Black Mirror: Season 2: White Bear","7/23/20"
"It's Always Sunny in Philadelphia: Season 5: The Great Recession","7/23/20"
"Black Mirror: Season 2: Be Right Back","7/22/20"
"It's Always Sunny in Philadelphia: Season 5: The Gang Hits the Road","7/22/20"
"It's Always Sunny in Philadelphia: Season 5: The Gang Exploits the Mortgage Crisis","7/22/20"
"Black Mirror: Season 1: The Entire History of You","7/21/20"
"Black Mirror: Season 1: Fifteen Million Merits","7/18/20"
"It's Always Sunny in Philadelphia: Season 4: The Nightman Cometh","7/18/20"
"Black Mirror: Season 1: The National Anthem","7/17/20"
"It's Always Sunny in Philadelphia: Season 4: The Gang Gets Extreme: Home Makeover Edition","7/17/20"
"Community: Season 6: Intro To Recycled Cinema","7/17/20"
"Community: Season 6: Advanced Safety Feature","7/17/20"
"Community: Season 6: Queer Studies & Advanced Waxing","7/15/20"
"Community: Season 5: Basic Sandwich","7/13/20"
"Community: Season 5: Basic Story","7/13/20"
"Community: Season 5: G.I. Jeff","7/13/20"
"Community: Season 5: Advanced Advanced Dungeons & Dragons","7/13/20"
"Community: Season 5: VCR Maintenance and Educational Publishing","7/13/20"
"It's Always Sunny in Philadelphia: Season 4: The Gang Cracks the Liberty Bell","7/13/20"
"Community: Season 5: App Development and Condiments","7/13/20"
"Community: Season 5: Bondage and Beta Male Sexuality","7/13/20"
"Community: Season 5: Analysis of Cork-Based Networking","7/12/20"
"Community: Season 5: Geothermal Escapism","7/12/20"
"It's Always Sunny in Philadelphia: Season 4: Sweet Dee Has a Heart Attack","7/12/20"
"The Good Place: Season 1: Flying","7/11/20"
"It's Always Sunny in Philadelphia: Season 4: Dennis Reynolds: An Erotic Life","7/10/20"
"It's Always Sunny in Philadelphia: Season 4: Paddy's Pub: The Worst Bar in Philadelphia","7/10/20"
"Community: Season 5: Introduction to Teaching","7/10/20"
"Community: Season 5: Repilot","7/9/20"
"Community: Season 4: Advanced Introduction to Finality","7/9/20"
"Community: Season 4: Heroic Origins","7/9/20"
"Community: Season 4: Basic Human Anatomy","7/9/20"
"It's Always Sunny in Philadelphia: Season 4: Who Pooped the Bed?","7/8/20"
"It's Always Sunny in Philadelphia: Season 4: Mac and Charlie Die: Part 2","7/7/20"
"It's Always Sunny in Philadelphia: Season 4: Mac and Charlie Die: Part 1","7/7/20"
"Community: Season 3: Introduction to Finality","7/5/20"
"It's Always Sunny in Philadelphia: Season 4: Mac's Banging the Waitress","7/3/20"
"Community: Season 3: Digital Exploration of Interior Design","7/2/20"
"Community: Season 3: Contemporary Impressionists","7/2/20"
"It's Always Sunny in Philadelphia: Season 4: The Gang Solves the Gas Crisis","7/1/20"
"Impractical Jokers: Boardwalk of Shame","7/1/20"
"It's Always Sunny in Philadelphia: Season 4: Mac and Dennis: Manhunters","6/29/20"
"Arrested Development: Season 1: Top Banana","6/28/20"
"It's Always Sunny in Philadelphia: Season 3: The Gang Dances Their Asses Off","6/28/20"
"Community: Season 2: For a Few Paintballs More","6/27/20"
"Community: Season 2: A Fist Full of Paintballs","6/27/20"
"The Lonely Island Presents: The Unauthorized Bash Brothers Experience","6/27/20"
"It's Always Sunny in Philadelphia: Season 3: Bums: Making a Mess All Over the City","6/27/20"
"It's Always Sunny in Philadelphia: Season 3: The Gang Gets Whacked: Part 2","6/24/20"
"It's Always Sunny in Philadelphia: Season 3: The Gang Gets Whacked: Part 1","6/24/20"
"Schitt's Creek: Season 6: Smoke Signals","6/22/20"
"GoodFellas","6/22/20"
"Schitt's Creek: Season 5: Life Is a Cabaret","6/22/20"
"Schitt's Creek: Season 5: The Hike","6/22/20"
"Schitt's Creek: Season 5: The Roast","6/22/20"
"It's Always Sunny in Philadelphia: Season 3: Dennis Looks Like a Registered Sex Offender","6/21/20"
"Schitt's Creek: Season 5: Meet the Parents","6/21/20"
"Schitt's Creek: Season 5: Roadkill","6/21/20"
"Schitt's Creek: Season 5: The M.V.P","6/21/20"
"It's Always Sunny in Philadelphia: Season 3: Mac Is a Serial Killer","6/20/20"
"Schitt's Creek: Season 5: The Hospies","6/20/20"
"It's Always Sunny in Philadelphia: Season 3: Sweet Dee's Dating a Retarded Person","6/20/20"
"Schitt's Creek: Season 5: A Whisper of Desire","6/20/20"
"Schitt's Creek: Season 5: Rock On!","6/19/20"
"Schitt's Creek: Season 5: Housewarming","6/19/20"
"Schitt's Creek: Season 5: The Plant","6/19/20"
"Schitt's Creek: Season 5: The Dress","6/19/20"
"Schitt's Creek: Season 5: Love Letters","6/18/20"
"Schitt's Creek: Season 5: The Crowening","6/18/20"
"Schitt's Creek: Season 4: Merry Christmas, Johnny Rose","6/18/20"
"Schitt's Creek: Season 4: Singles Week","6/18/20"
"Schitt's Creek: Season 4: The Rollout","6/17/20"
"Schitt's Creek: Season 4: Baby Sprinkle","6/17/20"
"It's Always Sunny in Philadelphia: Season 3: Frank Sets Sweet Dee On Fire","6/17/20"
"Schitt's Creek: Season 4: The Olive Branch","6/16/20"
"Schitt's Creek: Season 4: The Jazzaguy","6/16/20"
"Schitt's Creek: Season 4: The Barbecue","6/16/20"
"Schitt's Creek: Season 4: Open Mic","6/16/20"
"Schitt's Creek: Season 4: RIP Moira Rose","6/16/20"
"Schitt's Creek: Season 4: Girls’ Night","6/15/20"
"Schitt's Creek: Season 4: Asbestos Fest","6/15/20"
"It's Always Sunny in Philadelphia: Season 3: The Gang Sells Out","6/15/20"
"It's Always Sunny in Philadelphia: Season 3: The Gang Solves the North Korea Situation","6/15/20"
"Schitt's Creek: Season 4: Pregnancy Test","6/14/20"
"Schitt's Creek: Season 4: Dead Guy in Room 4","6/14/20"
"Schitt's Creek: Season 3: Grad Night","6/14/20"
"Schitt's Creek: Season 3: Friends & Family","6/14/20"
"Schitt's Creek: Season 3: Stop Saying Lice!","6/13/20"
"Schitt's Creek: Season 3: Sebastien Raine","6/13/20"
"It's Always Sunny in Philadelphia: Season 3: The Aluminum Monster vs. Fatty Magoo","6/13/20"
"Schitt's Creek: Season 3: The Affair","6/13/20"
"Schitt's Creek: Season 3: Motel Review","6/13/20"
"Schitt's Creek: Season 3: General Store","6/12/20"
"Schitt's Creek: Season 3: Murder Mystery","6/12/20"
"Schitt's Creek: Season 3: Rooms by the Hour","6/12/20"
"It's Always Sunny in Philadelphia: Season 3: The Gang Gets Held Hostage","6/12/20"
"It's Always Sunny in Philadelphia: Season 3: Dennis and Dee's Mom Is Dead","6/11/20"
"It's Always Sunny in Philadelphia: Season 3: The Gang Gets Invincible","6/11/20"
"Schitt's Creek: Season 3: Driving Test","6/11/20"
"Schitt's Creek: Season 3: New Car","6/11/20"
"Schitt's Creek: Season 3: The Throuple","6/10/20"
"It's Always Sunny in Philadelphia: Season 3: The Gang Finds a Dumpster Baby","6/10/20"
"It's Always Sunny in Philadelphia: Season 2: Dennis and Dee Get a New Dad","6/10/20"
"Schitt's Creek: Season 3: Opening Night","6/9/20"
"Schitt's Creek: Season 2: Happy Anniversary","6/9/20"
"Schitt's Creek: Season 2: Lawn Signs","6/9/20"
"It's Always Sunny in Philadelphia: Season 2: Charlie Goes America All Over Everybody's Ass","6/9/20"
"It's Always Sunny in Philadelphia: Season 2: The Gang Runs for Office","6/9/20"
"It's Always Sunny in Philadelphia: Season 2: The Gang Exploits a Miracle","6/9/20"
"The Wolf of Wall Street","6/9/20"
"Schitt's Creek: Season 2: The Motel Guest","6/8/20"
"Schitt's Creek: Season 2: Ronnie's Party","6/8/20"
"Schitt's Creek: Season 2: Moira's Nudes","6/8/20"
"It's Always Sunny in Philadelphia: Season 2: The Gang Gives Back","6/8/20"
"The Silence of the Lambs","6/7/20"
"Schitt's Creek: Season 2: Milk Money","6/7/20"
"Schitt's Creek: Season 2: The Candidate","6/7/20"
"It's Always Sunny in Philadelphia: Season 2: Hundred Dollar Baby","6/7/20"
"Schitt's Creek: Season 2: Moira vs. Town Council","6/7/20"
"It's Always Sunny in Philadelphia: Season 2: Mac Bangs Dennis' Mom","6/7/20"
"It's Always Sunny in Philadelphia: Season 2: Dennis and Dee Go on Welfare","6/7/20"
"Schitt's Creek: Season 2: Bob's Bagels","6/6/20"
"Schitt's Creek: Season 2: Estate Sale","6/6/20"
"Schitt's Creek: Season 2: Jazzagals","6/6/20"
"Schitt's Creek: Season 2: Family Dinner","6/5/20"
"Schitt's Creek: Season 2: Finding David","6/5/20"
"Schitt's Creek: Town for Sale","6/4/20"
"Schitt's Creek: Surprise Party","6/4/20"
"How I Met Your Mother: The Sweet Taste of Liberty","6/4/20"
"How I Met Your Mother: Season 2: Swarley","6/4/20"
"It's Always Sunny in Philadelphia: Season 2: The Gang Goes Jihad","6/4/20"
"It's Always Sunny in Philadelphia: Season 2: Charlie Gets Crippled","6/4/20"
"Schitt's Creek: Little Sister","6/4/20"
"Schitt's Creek: Honeymoon","6/4/20"
"Schitt's Creek: Carl's Funeral","6/3/20"
"Schitt's Creek: Allez-Vous","6/3/20"
"Schitt's Creek: Turkey Shoot","6/2/20"
"Schitt's Creek: Wine and Roses","6/2/20"
"Schitt's Creek: The Cabin","6/2/20"
"Schitt's Creek: Bad Parents","6/2/20"
"How I Met Your Mother: Season 2: Aldrin Justice","6/1/20"
"Schitt's Creek: Don't Worry, It's His Sister","6/1/20"
"Schitt's Creek: The Drip","6/1/20"
"Schitt's Creek: Our Cup Runneth Over","5/31/20"
"It's Always Sunny in Philadelphia: Charlie Got Molested","5/31/20"
"It's Always Sunny in Philadelphia: The Gang Finds a Dead Guy","5/31/20"
"It's Always Sunny in Philadelphia: Gun Fever","5/30/20"
"It's Always Sunny in Philadelphia: Charlie Has Cancer","5/30/20"
"It's Always Sunny in Philadelphia: Underage Drinking: A National Concern","5/29/20"
"It's Always Sunny in Philadelphia: Charlie Wants an Abortion","5/29/20"
"The Big Short","5/29/20"
"It's Always Sunny in Philadelphia: The Gang Gets Racist","5/29/20"
"Community: Season 1: Community","5/28/20"
"Community: Season 6: Emotional Consequences of Broadcast Television","5/27/20"
"Community: Season 6: Wedding Videography","5/27/20"
"Community: Season 6: Modern Espionage","5/26/20"
"Community: Season 6: Basic RV Repair & Palmistry","5/25/20"
"Community: Season 6: Grifting 101","5/25/20"
"The Departed","5/24/20"
"Bill Burr: Walk Your Way Out","5/23/20"
"Easy A","5/23/20"
"Manhunt: Unabomber: UNABOM","5/23/20"
"Interstellar","5/23/20"
"Bill Burr: You People Are All the Same","5/23/20"
"MINDHUNTER: Season 1: Episode 2","5/21/20"
"MINDHUNTER: Season 1: Episode 1","5/21/20"
"Community: Season 6: Basic Email Security","5/20/20"
"Community: Season 6: Laws Of Robotics & Party Rights","5/20/20"
"Dexter: Season 8: Remember the Monsters?","5/17/20"
"Dexter: Season 8: Monkey in a Box","5/17/20"
"Community: Season 6: Basic Crisis Room Decorum","5/17/20"
"Patriot Act with Hasan Minhaj: Volume 6: What Happens If You Can't Pay Rent?","5/17/20"
"Patriot Act with Hasan Minhaj: Volume 5: The Ugly Truth of Fast Fashion","5/17/20"
"How I Met Your Mother: Season 2: World's Greatest Couple","5/16/20"
"Dexter: Season 8: Goodbye Miami","5/14/20"
"Dexter: Season 8: Make Your Own Kind of Music","5/13/20"
"Community: Season 6: Lawnmower Maintenance & Postnatal Care","5/12/20"
"Dexter: Season 8: Are We There Yet?","5/12/20"
"Community: Season 6: Ladders","5/12/20"
"Mother!","5/11/20"
"Dexter: Season 8: Dress Code","5/9/20"
"Dexter: Season 8: A Little Reflection","5/6/20"
"Dexter: Season 8: This Little Piggy","5/5/20"
"Community: Season 5: Cooperative Polygraphy","5/5/20"
"Community: Season 5: Basic Intergluteal Numismatics","5/5/20"
"Dexter: Season 8: Scar Tissue","5/4/20"
"Dexter: Season 8: What's Eating Dexter Morgan?","5/4/20"
"Dexter: Season 8: Every Silver Lining...","5/1/20"
"Community: Season 4: Intro to Knots","4/30/20"
"Community: Season 4: Intro to Felt Surrogacy","4/30/20"
"Dexter: Season 8: A Beautiful Day","4/30/20"
"Community: Season 4: Herstory of Dance","4/29/20"
"Community: Season 4: Economics of Marine Biology","4/29/20"
"Community: Season 4: Advanced Documentary Filmmaking","4/29/20"
"Community: Season 4: Cooperative Escapism in Familial Relations","4/29/20"
"Community: Season 4: Alternative History of the German Invasion","4/28/20"
"Community: Season 4: Conventions of Space and Time","4/28/20"
"Community: Season 4: Paranormal Parentage","4/28/20"
"Community: Season 4: History 101","4/28/20"
"Dexter: Season 7: Surprise, Motherf**ker!","4/28/20"
"Community: Season 3: The First Chang Dynasty","4/27/20"
"Community: Season 3: Digital Estate Planning","4/27/20"
"Community: Season 3: Curriculum Unavailable","4/27/20"
"Community: Season 3: Course Listing Unavailable","4/27/20"
"Dexter: Season 7: Do You See What I See?","4/27/20"
"Community: Season 3: Basic Lupine Urology","4/27/20"
"Community: Season 3: Virtual Systems Analysis","4/27/20"
"Community: Season 3: Origins of Vampire Mythology","4/26/20"
"Community: Season 3: Pillows and Blankets","4/26/20"
"Dexter: Season 7: The Dark… Whatever","4/26/20"
"Community: Season 3: Urban Matrimony and the Sandwich Arts","4/25/20"
"Community: Season 3: Regional Holiday Music","4/25/20"
"Dexter: Season 7: Helter Skelter","4/25/20"
"Dexter: Season 7: Argentina","4/25/20"
"Dexter: Circle of Friends","4/25/20"
"Community: Season 3: Foosball and Nocturnal Vigilantism","4/24/20"
"Community: Season 3: Documentary Filmmaking: Redux","4/24/20"
"Dexter: Season 7: Chemistry","4/24/20"
"Community: Season 3: Studies in Modern Movement","4/24/20"
"Community: Season 3: Advanced Gay","4/23/20"
"Community: Season 3: Horror Fiction in Seven Spooky Steps","4/23/20"
"Community: Season 3: Remedial Chaos Theory","4/23/20"
"Dexter: Season 7: Do the Wrong Thing","4/23/20"
"Community: Season 3: Competitive Ecology","4/22/20"
"Community: Season 3: Geography of Global Conflict","4/21/20"
"Community: Season 3: Biology 101","4/21/20"
"Community: Season 2: Applied Anthropology and Culinary Arts","4/21/20"
"Community: Season 2: Paradigms of Human Memory","4/20/20"
"Community: Season 2: Competitive Wine Tasting","4/20/20"
"Community: Season 2: Critical Film Studies","4/20/20"
"Community: Season 2: Custody Law and Eastern European Diplomacy","4/20/20"
"Community: Season 2: Intro to Political Science","4/20/20"
"Community: Season 2: Intermediate Documentary Filmmaking","4/20/20"
"Dexter: Season 7: Swim Deep","4/20/20"
"Community: Season 2: Early 21st Century Romanticism","4/19/20"
"Community: Season 2: Advanced Dungeons and Dragons","4/19/20"
"Community: Season 2: Celebrity Pharmacology","4/19/20"
"Dexter: Season 7: Run","4/19/20"
"Community: Season 2: Asian Population Studies","4/18/20"
"Community: Season 2: Abed's Uncontrollable Christmas","4/18/20"
"Contagion","4/18/20"
"Community: Season 2: Mixology Certification","4/17/20"
"Community: Season 2: Conspiracy Theories and Interior Design","4/17/20"
"Dexter: Season 7: Buck the System","4/17/20"
"Community: Season 2: Cooperative Calligraphy","4/17/20"
"Community: Season 2: Aerodynamics of Gender","4/17/20"
"Community: Season 2: Epidemiology","4/16/20"
"Community: Season 2: Messianic Myths and Ancient Peoples","4/16/20"
"Community: Season 2: Basic Rocket Science","4/16/20"
"Community: Season 2: The Psychology of Letting Go","4/15/20"
"Community: Season 2: Accounting for Lawyers","4/15/20"
"Community: Season 2: Anthropology 101","4/15/20"
"Community: Season 1: Pascal's Triangle Revisited","4/15/20"
"Dexter: Season 7: Sunshine & Frosty Swirl","4/15/20"
"Dexter: Season 7: Are You…?","4/15/20"
"Community: Season 1: English as a Second Language","4/14/20"
"Community: Season 1: Modern Warfare","4/14/20"
"Community: Season 1: The Art of Discourse","4/14/20"
"Community: Season 1: Contemporary American Poultry","4/14/20"
"Dexter: Season 6: This is the Way the World Ends","4/13/20"
"Community: Season 1: The Science of Illusion","4/13/20"
"Community: Season 1: Beginner Pottery","4/13/20"
"Community: Season 1: Basic Genealogy","4/13/20"
"Community: Season 1: Physical Education","4/13/20"
"Community: Season 1: Communication Studies","4/13/20"
"Dexter: Season 6: Talk to the Hand","4/13/20"
"Dexter: Season 6: Ricochet Rabbit","4/12/20"
"The Inbetweeners: Caravan Club","4/12/20"
"Community: Season 1: Romantic Expressionism","4/12/20"
"Community: Season 1: Investigative Journalism","4/12/20"
"Community: Season 1: Interpretive Dance","4/12/20"
"Community: Season 1: Comparative Religion","4/12/20"
"Community: Season 1: The Politics of Human Sexuality","4/12/20"
"Community: Season 1: Environmental Science","4/11/20"
"Community: Season 1: Debate 109","4/11/20"
"Community: Season 1: Home Economics","4/11/20"
"Community: Season 1: Introduction to Statistics","4/11/20"
"Step Brothers","4/11/20"
"Community: Season 1: Football, Feminism and You","4/11/20"
"Community: Season 1: Advanced Criminal Law","4/11/20"
"Dexter: Season 6: Get Gellar","4/10/20"
"Community: Season 1: Social Psychology","4/10/20"
"Community: Season 1: Introduction to Film","4/10/20"
"Dexter: Season 6: Sin of Omission","4/9/20"
"Dexter: Season 6: Nebraska","4/9/20"
"Community: Season 1: Spanish 101","4/9/20"
"How I Met Your Mother: Season 2: Showdown","4/7/20"
"Impractical Jokers: Unmotivational Speaker","4/6/20"
"Impractical Jokers: Butterfly Crime Scene","4/6/20"
"Impractical Jokers: Pay It Forward","4/6/20"
"Impractical Jokers: Joker's Choice","4/6/20"
"Dexter: Season 6: Just Let Go","4/3/20"
"How I Met Your Mother: Season 2: Moving Day","4/2/20"
"How I Met Your Mother: Season 2: Arrivederci, Fiero","4/2/20"
"How I Met Your Mother: Season 2: Stuff","4/2/20"
"How I Met Your Mother: Season 2: Lucky Penny","4/2/20"
"How I Met Your Mother: Season 2: Monday Night Football","3/30/20"
"How I Met Your Mother: Season 2: Columns","3/30/20"
"How I Met Your Mother: Season 2: First Time in New York","3/30/20"
"Dexter: Season 6: The Angel of Death","3/30/20"
"How I Met Your Mother: Season 2: How Lily Stole Christmas","3/29/20"
"How I Met Your Mother: Season 2: Single Stamina","3/29/20"
"How I Met Your Mother: Season 2: Slap Bet","3/29/20"
"How I Met Your Mother: Season 2: Atlantic City","3/29/20"
"Dexter: Season 6: A Horse of a Different Color","3/27/20"
"Dexter: Season 6: Smokey and the Bandit","3/26/20"
"Dexter: Season 6: Once Upon a Time...","3/26/20"
"Dexter: Season 6: Those Kinds of Things","3/26/20"
" : Episode 2","3/26/20"
"Impractical Jokers: Unseen Scenes","3/26/20"
"Impractical Jokers: Anatomy of a Challenge","3/26/20"
"Impractical Jokers: Who Arted","3/26/20"
"Impractical Jokers: Out of TP","3/25/20"
"How I Met Your Mother: Season 3: No Tomorrow","3/25/20"
"How I Met Your Mother: Season 3: The Platinum Rule","3/25/20"
"How I Met Your Mother: Season 3: The Yips","3/25/20"
"Norm Macdonald: Hitler's Dog, Gossip & Trickery","3/25/20"
"Impractical Jokers: Panty Raid","3/25/20"
"Impractical Jokers: Drawing a Blank","3/25/20"
"How I Met Your Mother: Season 3: Slapsgiving","3/25/20"
"How I Met Your Mother: Season 3: Spoiler Alert","3/25/20"
"How I Met Your Mother: Season 3: Dowisetrepla","3/25/20"
"How I Met Your Mother: Season 3: I'm Not That Guy","3/25/20"
"How I Met Your Mother: Season 3: How I Met Everyone Else","3/25/20"
"Dexter: Season 5: The Big One","3/24/20"
"Dexter: Season 5: Hop a Freighter","3/24/20"
"How I Met Your Mother: Season 8: The Time Travelers","3/24/20"
"Bill Burr: Let It Go","3/24/20"
"Dave Chappelle: Collection: The Age of Spin: Dave Chappelle Live at The Hollywood Palladium","3/24/20"
"Dexter: Season 5: In the Beginning","3/23/20"
"How I Met Your Mother: Belly Full of Turkey","3/23/20"
"Dexter: Season 5: Teenage Wasteland","3/22/20"
" : Episode 1","3/22/20"
"How I Met Your Mother: Season 4: Shelter Island","3/22/20"
"Archer: Pilot: Mole Hunt","3/22/20"
"Ferris Bueller's Day Off","3/21/20"
"How I Met Your Mother: Season 4: Intervention","3/19/20"
"F is for Family: Season 1: Bill Murphy’s Day Off","3/17/20"
"Dexter: Season 5: Everything is Illumenated","3/12/20"
"Parks and Recreation: Season 4: I'm Leslie Knope","3/9/20"
"Dexter: Season 5: First Blood","3/8/20"
"Dexter: Season 5: Beauty and the Beast","3/5/20"
"Dexter: Season 5: Practically Perfect","3/4/20"
"Dexter: Season 5: Hello, Bandit","3/4/20"
"BoJack Horseman: Season 3: That's Too Much, Man!","3/4/20"
"Dexter: Season 5: My Bad","3/3/20"
"Dexter: Season 4: The Getaway","3/3/20"
"Dexter: Season 4: Hello, Dexter Morgan","3/2/20"
"Dexter: Season 4: Lost Boys","3/2/20"
"Dexter: Season 4: Hungry Man","3/1/20"
"Dexter: Season 4: Road Kill","2/27/20"
"Ala Vaikunthapurramuloo","2/27/20"
"Pete Davidson: Alive From New York","2/26/20"
"Patriot Act with Hasan Minhaj: Volume 5: Why Billionaires Won't Save Us","2/26/20"
"Patriot Act with Hasan Minhaj: Volume 5: Don't Ignore the Asian Vote in 2020","2/26/20"
"The Irishman","2/23/20"
"Dexter: Season 4: Slack Tide","2/23/20"
"The Inbetweeners: Girlfriend","2/17/20"
"The Inbetweeners: Thorpe Park","2/17/20"
"Daniel Sloss: Live Shows: Dark","2/17/20"
"Arrested Development: Season 2: Switch Hitter","2/16/20"
"Patriot Act with Hasan Minhaj: Volume 5: Why We Can't Retire","2/16/20"
"Hot Rod","2/15/20"
"BoJack Horseman: Season 6: Nice While It Lasted","2/14/20"
"BoJack Horseman: Season 6: The View from Halfway Down","2/14/20"
"BoJack Horseman: Season 6: Angela","2/14/20"
"Dexter: Season 4: If I Had a Hammer","2/12/20"
"BoJack Horseman: Season 6: The Horny Unicorn","2/10/20"
"Arrested Development: Season 2: Afternoon Delight","2/9/20"
"BoJack Horseman: Season 6: Xerox of a Xerox","2/9/20"
"BoJack Horseman: Season 6: Sunk Cost and All That","2/9/20"
"Arrested Development: Season 1: Charity Drive","2/9/20"
"Arrested Development: Season 1: Key Decisions","2/9/20"
"Arrested Development: Season 1: Bringing Up Buster","2/8/20"
"Patriot Act with Hasan Minhaj: Volume 5: How America Is Causing Global Obesity","2/8/20"
"Monty Python's Flying Circus: Series 1: Whither Canada","2/8/20"
"BoJack Horseman: Season 6: Good Damage","2/8/20"
"BoJack Horseman: Season 6: Intermediate Scene Study w/ BoJack Horseman","2/8/20"
"Dexter: Season 4: Dirty Harry","2/8/20"
"Dexter: Season 4: Dex Takes a Holiday","2/6/20"
"Dexter: Season 4: Blinded by the Light","2/5/20"
"Dexter: Season 4: Remains to be Seen","2/5/20"
"Dexter: Season 4: Living the Dream","2/2/20"
"Arrested Development: Season 1: Pilot","2/2/20"
"Dexter: Season 3: Do You Take Dexter Morgan?","2/2/20"
"Dexter: Season 3: I Had a Dream","2/1/20"
"Dexter: Season 3: Go Your Own Way","1/31/20"
"Dexter: Season 3: About Last Night","1/31/20"
"Dexter: Season 3: The Damage a Man Can Do","1/30/20"
"Dexter: Season 3: Easy as Pie","1/25/20"
"Dexter: Season 3: Si Se Puede","1/24/20"
"Arrested Development: Season 1: Pier Pressure","1/23/20"
"Dexter: Season 3: Turning Biminese","1/22/20"
"Dexter: Season 3: All in the Family","1/20/20"
"Dexter: Season 3: The Lion Sleeps Tonight","1/17/20"
"Dexter: Season 3: Finding Freebo","1/12/20"
"Dexter: Season 3: Our Father","1/12/20"
"How I Met Your Mother: Season 3: We're Not From Here","1/4/20"
"How I Met Your Mother: Season 3: Wait for It","1/4/20"
"How I Met Your Mother: Season 2: Something Blue","1/4/20"
"How I Met Your Mother: Season 2: Something Borrowed","1/4/20"
"Friends: Season 3: The One with the Flashback","12/3/19"
"Friends: Season 3: The One with Frank Jr","12/3/19"
"BoJack Horseman: Season 6: A Quick One, While He's Away","11/29/19"
"Friends: The One Where Monica Gets a Roommate (Pilot)","11/24/19"
"BoJack Horseman: Season 6: The Face of Depression","11/22/19"
"BoJack Horseman: Season 6: The Kidney Stays in the Picture","11/12/19"
"BoJack Horseman: Season 6: A Little Uneven, Is All","11/11/19"
"BoJack Horseman: Season 6: Surprise!","11/11/19"
"BoJack Horseman: Season 6: Feel-Good Story","11/5/19"
"BoJack Horseman: Season 6: The New Client","11/4/19"
"BoJack Horseman: Season 6: A Horse Walks into a Rehab","11/3/19"
"Californication: Pilot","10/26/19"
"El Camino: A Breaking Bad Movie","10/12/19"
"Arrested Development: Season 4 Remix: Fateful Consequences: A Couple-A New Starts","10/9/19"
"Arrested Development: Season 4 Remix: Fateful Consequences: Three Half Men","10/8/19"
"Arrested Development: Season 4 Remix: Fateful Consequences: Re Cap'n Bluth","10/4/19"
"Arrested Development: Season 3: Development Arrested","10/4/19"
"Arrested Development: Season 3: Exit Strategy","10/3/19"
"Arrested Development: Season 3: Family Ties","10/3/19"
"John Mulaney: New in Town","10/3/19"
"Arrested Development: Season 3: Fakin' It","10/2/19"
"Arrested Development: Season 3: S.O.B.s","10/2/19"
"Arrested Development: Season 3: Making a Stand","10/1/19"
"Arrested Development: Season 3: Prison Break-In","10/1/19"
"Between Two Ferns: The Movie","9/30/19"
"Arrested Development: Season 3: The Ocean Walker","9/29/19"
"Arrested Development: Season 3: Mr. F","9/29/19"
"Arrested Development: Season 3: Notapusy","9/29/19"
"Arrested Development: Season 3: Forget Me Now","9/29/19"
"Arrested Development: Season 3: For British Eyes Only","9/27/19"
"Arrested Development: Season 3: The Cabin Show","9/27/19"
"Arrested Development: Season 2: The Righteous Brothers","9/25/19"
"Arrested Development: Season 2: Spring Breakout","9/24/19"
"Arrested Development: Season 2: Meat the Veals","9/24/19"
"Arrested Development: Season 2: Sword of Destiny","9/23/19"
"Arrested Development: Season 2: The Immaculate Election","9/23/19"
"Arrested Development: Season 2: Motherboy XXX","9/23/19"
"Arrested Development: Season 2: Hand to God","9/23/19"
"Parks and Recreation: The Banquet","9/22/19"
"Arrested Development: Season 2: Out on a Limb","9/22/19"
"Arrested Development: Season 2: Ready, Aim, Marry Me!","9/22/19"
"Arrested Development: Season 2: Burning Love","9/22/19"
"Arrested Development: Season 2: Queen for a Day","9/21/19"
"Arrested Development: Season 2: Sad Sack","9/21/19"
"Arrested Development: Season 2: Good Grief","9/21/19"
"Arrested Development: Season 2: iAmigos!","9/20/19"
"Arrested Development: Season 2: The One Where They Build a House","9/20/19"
"Arrested Development: Season 2: The One Where Michael Leaves","9/20/19"
"Arrested Development: Season 1: Let 'Em Eat Cake","9/20/19"
"Arrested Development: Season 1: Not Without My Daughter","9/20/19"
"Arrested Development: Season 1: Whistler's Mother","9/20/19"
"Arrested Development: Season 1: Best Man for the Gob","9/20/19"
"Arrested Development: Season 1: Missing Kitty","9/19/19"
"Arrested Development: Season 1: Justice is Blind","9/19/19"
"Arrested Development: Season 1: Altar Egos","9/19/19"
"Arrested Development: Season 1: Staff Infection","9/19/19"
"Arrested Development: Season 1: Shock and Aww","9/18/19"
"Arrested Development: Season 1: Beef Consomme","9/18/19"
"Arrested Development: Season 1: Marta Complex","9/18/19"
"Arrested Development: Season 1: Public Relations","9/18/19"
"Arrested Development: Season 1: Storming the Castle","9/18/19"
"Arrested Development: Season 1: My Mother, the Car","9/18/19"
"Arrested Development: Season 1: In God We Trust","9/18/19"
"Arrested Development: Season 1: Visiting Ours","9/18/19"
"The Office (U.S.): Basketball","9/17/19"
"Parks and Recreation: Boys' Club","9/17/19"
"Parks and Recreation: The Reporter","9/17/19"
"Parks and Recreation: Canvassing","9/17/19"
"Parks and Recreation: Pilot","9/16/19"
"The Office (U.S.): The Alliance","9/16/19"
"The Office (U.S.): Health Care","9/16/19"
"The Office (U.S.): Diversity Day","9/16/19"
"The Office (U.S.): Pilot","9/15/19"
"Archer: Season 2: Tragical History","9/9/19"
"Patriot Act with Hasan Minhaj: Volume 4: The Broken Policing System","9/8/19"
"How I Met Your Mother: The Wedding","9/7/19"
"BoJack Horseman: Season 5: The Stopped Show","9/6/19"
"BoJack Horseman: Season 5: The Showstopper","9/6/19"
"Ocean's Twelve","9/6/19"
"BoJack Horseman: Season 5: Head in the Clouds","9/5/19"
"BoJack Horseman: Season 5: Ancient History","9/5/19"
"BoJack Horseman: Season 5: Mr. Peanutbutter's Boos","9/5/19"
"How I Met Your Mother: The Limo","9/4/19"
"BoJack Horseman: Season 5: INT. SUB","9/4/19"
"BoJack Horseman: Season 5: Free Churro","9/4/19"
"BoJack Horseman: Season 5: The Amelia Earhart Story","9/4/19"
"BoJack Horseman: Season 5: BoJack the Feminist","9/4/19"
"BoJack Horseman: Season 5: Planned Obsolescence","9/3/19"
"BoJack Horseman: Season 5: The Dog Days Are Over","9/3/19"
"BoJack Horseman: Season 5: The Light Bulb Scene","9/2/19"
"BoJack Horseman: Season 4: What Time Is It Right Now","9/2/19"
"How I Met Your Mother: Season 4: The Stinsons","9/1/19"
"How I Met Your Mother: Season 4: Possimpible","9/1/19"
"How I Met Your Mother: Season 4: Three Days of Snow","9/1/19"
"How I Met Your Mother: Season 4: Benefits","9/1/19"
"Dave Chappelle: Sticks & Stones","9/1/19"
"F is for Family: Season 1: The Trough","9/1/19"
"BoJack Horseman: Season 4: Time's Arrow","9/1/19"
"BoJack Horseman: Season 4: lovin that cali lifestyle!!","9/1/19"
"Patriot Act with Hasan Minhaj: Volume 4: The Two Sides of Canada","9/1/19"
"How I Met Your Mother: Season 7: Field Trip","8/31/19"
"How I Met Your Mother: Season 7: Ducky Tie","8/31/19"
"How I Met Your Mother: Season 7: The Naked Truth","8/31/19"
"How I Met Your Mother: Season 6: The Exploding Meatball Sub","8/31/19"
"How I Met Your Mother: Season 6: Legendaddy","8/29/19"
"BoJack Horseman: Season 4: Ruthie","8/29/19"
"BoJack Horseman: Season 4: The Judge","8/29/19"
"BoJack Horseman: Season 4: Underground","8/29/19"
"How I Met Your Mother: Season 2: Bachelor Party","8/28/19"
"The Chef Show: Season 1 - Volume 1: Gwyneth Paltrow / Bill Burr","8/28/19"
"Archer: Season 2: The Double Deuce","8/28/19"
"You Don't Mess with the Zohan","8/27/19"
"Conan Without Borders: Italy","8/27/19"
"Conan Without Borders: Haiti","8/27/19"
"BoJack Horseman: Season 4: Stupid Piece of Sh*t","8/27/19"
"BoJack Horseman: Season 4: See Mr. Peanutbutter Run","8/27/19"
"BoJack Horseman: Season 3: That Went Well","8/27/19"
"BoJack Horseman: Season 3: It's You","8/27/19"
"Conan Without Borders: Israel","8/27/19"
"Patriot Act with Hasan Minhaj: Volume 4: The Real Cost of Cruises","8/27/19"
"Anchorman 2: The Legend Continues","8/23/19"
"Simon Amstell: Set Free","8/22/19"
"Archer: Season 2: Pipeline Fever","8/19/19"
"Conan Without Borders: Mexico","8/19/19"
"Conan Without Borders: Korea","8/19/19"
"Conan Without Borders: Cuba","8/19/19"
"Friends: Season 3: The One Where Chandler Can't Remember Which Sister","8/19/19"
"Friends: Season 3: The One Where Rachel Quits","8/19/19"
"Friends: Season 3: The One with the Football","8/19/19"
"Friends: Season 3: The One with the Giant Poking Device","8/19/19"
"Friends: Season 3: The One with the Race Car Bed","8/19/19"
"Inglourious Basterds","8/18/19"
"BoJack Horseman: Season 2: Out to Sea","8/18/19"
"BoJack Horseman: Season 2: The Shot","8/18/19"
"BoJack Horseman: Season 2: Let's Find Out","8/18/19"
"BoJack Horseman: Season 2: Hank After Dark","8/18/19"
"BoJack Horseman: Season 2: Higher Love","8/18/19"
"BoJack Horseman: Season 2: Chickens","8/18/19"
"BoJack Horseman: Season 2: After the Party","8/18/19"
"BoJack Horseman: Season 2: Still Broken","8/18/19"
"BoJack Horseman: Season 2: Yesterdayland","8/18/19"
"Friends: Season 3: The One with the Metaphorical Tunnel","8/18/19"
"Friends: Season 3: The One with the Jam","8/18/19"
"Patriot Act with Hasan Minhaj: Volume 4: Why Your Public Transportation Sucks","8/18/19"
"BoJack Horseman: Season 2: Brand New Couch","8/17/19"
"Archer: Season 2: Blood Test","8/17/19"
"The Dark Knight","8/17/19"
"Archer: Season 2: A Going Concern","8/17/19"
" ","8/16/19"
"The Dirt","8/15/19"
"Archer: Season 2: Swiss Miss","8/14/19"
"Archer: Dial M for Mother","8/14/19"
"Archer: Job Offer","8/14/19"
"BoJack Horseman: Season 4: Thoughts and Prayers","8/14/19"
"BoJack Horseman: Season 4: Commence Fracking","8/14/19"
"BoJack Horseman: Season 4: Hooray! Todd Episode!","8/14/19"
"BoJack Horseman: Season 4: The Old Sugarman Place","8/14/19"
"BoJack Horseman: Season 1: Later","8/14/19"
"Archer: The Rock","8/14/19"
"Archer: Skytanic","8/14/19"
"Archer: Skorpio","8/13/19"
"Schindler's List","8/13/19"
"Archer: Honeypot","8/12/19"
"The Lion King","8/11/19"
"30 Minutes or Less","8/11/19"
"In Bruges","8/11/19"
"The Family: Limited Series: Wolf King","8/11/19"
"Patriot Act with Hasan Minhaj: Volume 4: Fentanyl","8/11/19"
"Archer: Killing Utne","8/9/19"
"Archer: Diversity Hire","8/9/19"
"How I Met Your Mother: Season 2: Ted Mosby: Architect","8/8/19"
"How I Met Your Mother: Season 2: Brunch","8/8/19"
"How I Met Your Mother: Season 2: The Scorpion and the Toad","8/8/19"
"How I Met Your Mother: Season 2: Where Were We?","8/8/19"
"How I Met Your Mother: Come On","8/8/19"
"How I Met Your Mother: Milk","8/8/19"
"How I Met Your Mother: Best Prom Ever","8/8/19"
"How I Met Your Mother: Mary the Paralegal","8/8/19"
"How I Met Your Mother: Nothing Good Happens After 2 A.M.","8/8/19"
"How I Met Your Mother: Life Among the Gorillas","8/8/19"
"How I Met Your Mother: Cupcake","8/8/19"
"How I Met Your Mother: Season 3: Little Boys","8/8/19"
"Archer: Training Day","8/7/19"
"BoJack Horseman: Season 1: Downer Ending","8/7/19"
"BoJack Horseman: Season 1: One Trick Pony","8/7/19"
"Dave Chappelle: Equanimity & The Bird Revelation: Collection: Dave Chappelle: Equanimity","8/6/19"
"The King's Speech","8/5/19"
"Liar Liar","8/5/19"
"How I Met Your Mother: Season 4: The Fight","8/5/19"
"How I Met Your Mother: The Duel","8/5/19"
"How I Met Your Mother: Matchmaker","8/5/19"
"How I Met Your Mother: The Slutty Pumpkin","8/5/19"
"How I Met Your Mother: Okay Awesome","8/5/19"
"How I Met Your Mother: Return of the Shirt","8/5/19"
"The IT Crowd: Series 1: Yesterday's Jam","8/4/19"
"Patriot Act with Hasan Minhaj: Volume 4: The Dark Side of the Video Game Industry","8/4/19"
"Anger Management","8/2/19"
"Dumb and Dumber","8/2/19"
"The Untouchables","8/1/19"
"How I Met Your Mother: Season 6: Cleaning House","8/1/19"
"How I Met Your Mother: Season 6: Big Days","8/1/19"
"The Inbetweeners: Season 2: Exam Time","7/31/19"
"The Inbetweeners: Season 2: The Duke of Edinburgh Awards","7/31/19"
"Friends: Season 6: The One with the Ring","7/31/19"
"Friends: Season 6: The One Where Paul's the Man","7/31/19"
"How I Met Your Mother: Season 4: The Three Days Rule","7/31/19"
"How I Met Your Mother: Season 4: Mosbius Designs","7/31/19"
"Money Heist: Part 1: Episode 13","7/30/19"
"Money Heist: Part 1: Episode 12","7/28/19"
" ","7/27/19"
"Money Heist: Part 1: Episode 11","7/25/19"
"Hall Pass","7/23/19"
"Megamind","7/23/19"
"Money Heist: Part 1: Episode 10","7/22/19"
"Money Heist: Part 1: Episode 9","7/22/19"
"Role Models","7/22/19"
"Superbad","7/22/19"
"Friends: Season 6: The One Where Ross Meets Elizabeth's Dad","7/20/19"
"Friends: Season 6: The One with Mac and C.H.E.E.S.E","7/20/19"
"Friends: Season 6: The One with Joey's Fridge","7/20/19"
"Master of None: Season 2: Amarsi Un Po","7/20/19"
"Master of None: Season 2: Thanksgiving","7/20/19"
"Money Heist: Part 1: Episode 8","7/20/19"
"Money Heist: Part 1: Episode 7","7/20/19"
"Bolt","7/20/19"
"Master of None: Season 2: Door #3","7/19/19"
"Friends: Season 6: The One Where Ross Dates a Student","7/19/19"
"Friends: Season 6: The One That Could Have Been: Part 1","7/19/19"
"Friends: Season 6: The One Where Chandler Can't Cry","7/19/19"
"Friends: Season 6: The One with Rachel's Sister","7/19/19"
"Money Heist: Part 1: Episode 6","7/19/19"
"Master of None: Season 2: New York, I Love You","7/19/19"
"Master of None: Season 2: The Dinner Party","7/19/19"
"Money Heist: Part 1: Episode 5","7/19/19"
"Friends: Season 6: The One Where Phoebe Runs","7/18/19"
"Friends: Season 6: The One on the Last Night","7/18/19"
"Money Heist: Part 1: Episode 4","7/18/19"
"Master of None: Season 2: First Date","7/18/19"
"Back to the Future Part II","7/18/19"
"Money Heist: Part 1: Episode 3","7/15/19"
"The World's End","7/14/19"
"Money Heist: Part 1: Episode 2","7/14/19"
"The 40-Year-Old Virgin","7/13/19"
"Money Heist: Part 1: Episode 1","7/13/19"
"Master of None: Season 2: Religion","7/13/19"
"Master of None: Season 2: Le Nozze","7/13/19"
"Master of None: Season 2: The Thief","7/12/19"
"Master of None: Season 1: Finale","7/12/19"
"Master of None: Season 1: Mornings","7/11/19"
"Master of None: Season 1: Old People","7/11/19"
"Master of None: Season 1: Ladies and Gentlemen","7/11/19"
"Master of None: Season 1: Nashville","7/11/19"
"Master of None: Season 1: The Other Man","7/11/19"
"Master of None: Season 1: Indians on TV","7/11/19"
"Master of None: Season 1: Hot Ticket","7/11/19"
"Master of None: Season 1: Parents","7/11/19"
"Master of None: Season 1: Plan B","7/11/19"
"Family Guy: Season 12: Finders Keepers","7/11/19"
"Shaun of the Dead","7/10/19"
"Paradise PD: Part 1: Welcome to Paradise","7/10/19"
"Paradise PD: Part 1: Ass on the Line","7/10/19"
"Aziz Ansari: RIGHT NOW","7/9/19"
"Stranger Things: Stranger Things 3: Chapter Eight: The Battle of Starcourt","7/9/19"
"Stranger Things: Stranger Things 3: Chapter Seven: The Bite","7/9/19"
"Stranger Things: Stranger Things 3: Chapter Six: E Pluribus Unum","7/9/19"
"Stranger Things: Stranger Things 3: Chapter Five: The Flayed","7/9/19"
"Stranger Things: Stranger Things 3: Chapter Four: The Sauna Test","7/9/19"
"Stranger Things: Stranger Things 3: Chapter Three: The Case of the Missing Lifeguard","7/8/19"
"Stranger Things: Stranger Things 3: Chapter Two: The Mall Rats","7/8/19"
"Stranger Things: Stranger Things 3: Chapter One: Suzie, Do You Copy?","7/8/19"
"Stranger Things: Stranger Things 2: Chapter Two: Trick or Treat, Freak","7/8/19"
"Toy Story","6/26/19"
"Seven","6/26/19"
"The Good Place: Season 2: Somewhere Else","6/23/19"
"The Good Place: Season 2: The Burrito","6/23/19"
"The Good Place: Season 2: Rhonda, Diana, Jake, and Trent","6/23/19"
"The People vs. O.J. Simpson: The Dream Team","6/23/19"
"The People vs. O.J. Simpson: 100% Not Guilty","6/23/19"
"The Truman Show","6/21/19"
"Patriot Act with Hasan Minhaj: Volume 3: Protests in Sudan","6/20/19"
"Patriot Act with Hasan Minhaj: Volume 3: Indian Elections Update and the 1MDB Scandal","6/20/19"
"Patriot Act with Hasan Minhaj: Volume 1: Affirmative Action","6/20/19"
"BoJack Horseman: Season 3: Brrap Brrap Pew Pew","6/19/19"
"BoJack Horseman: Season 3: Love And/Or Marriage","6/19/19"
"How I Met Your Mother: Season 3: The Goat","6/19/19"
"How I Met Your Mother: Season 3: Sandcastles in the Sand","6/19/19"
"How I Met Your Mother: Season 3: The Chain of Screaming","6/19/19"
"How I Met Your Mother: Season 3: The Bracket","6/19/19"
"How I Met Your Mother: Season 4: Old King Clancy","6/19/19"
"BoJack Horseman: Season 3: Fish Out Of Water","6/19/19"
"BoJack Horseman: Season 3: BoJack Kills","6/19/19"
"BoJack Horseman: Season 3: The BoJack Horseman Show","6/19/19"
" ","6/17/19"
"Patriot Act with Hasan Minhaj: Volume 3: Why Your Internet Sucks","6/16/19"
"BoJack Horseman: Season 1: Horse Majeure","6/16/19"
"BoJack Horseman: Season 1: The Telescope","6/16/19"
"Birdman or (The Unexpected Virtue of Ignorance)","6/16/19"
"How I Met Your Mother: Season 4: The Front Porch","6/14/19"
"How I Met Your Mother: Season 4: Sorry, Bro","6/14/19"
"How I Met Your Mother: Season 4: Little Minnesota","6/14/19"
"Jack Reacher: Never Go Back","6/14/19"
"Kidnapping Mr. Heineken","6/14/19"
"Back to the Future","6/11/19"
"Patriot Act with Hasan Minhaj: Volume 3: The NRA's Global Impact","6/2/19"
"Patriot Act with Hasan Minhaj: Volume 3: Cricket Corruption","6/2/19"
"Patriot Act with Hasan Minhaj: Volume 3: Brazil, Corruption and the Rainforest","5/12/19"
"How I Met Your Mother: Season 7: The Magician's Code Part 1","5/10/19"
"How I Met Your Mother: Season 7: Good Crazy","5/10/19"
"How I Met Your Mother: Season 7: The Best Man","5/10/19"
"How I Met Your Mother: Season 6: Challenge Accepted","5/10/19"
"How I Met Your Mother: Season 5: Rabbit or Duck","5/9/19"
"How I Met Your Mother: Season 5: Perfect Week","5/9/19"
"How I Met Your Mother: Season 5: Jenkins","5/9/19"
"How I Met Your Mother: Season 5: Girls Vs. Suits","5/9/19"
"How I Met Your Mother: Season 5: Duel Citizenship","5/9/19"
"How I Met Your Mother: Season 5: The Sexless Innkeeper","5/9/19"
"How I Met Your Mother: Season 5: Robin 101","5/9/19"
"How I Met Your Mother: Season 5: Double Date","5/9/19"
"How I Met Your Mother: Season 5: Definitions","5/9/19"
"How I Met Your Mother: Season 4: The Leap","5/9/19"
"How I Met Your Mother: Season 4: As Fast as She Can","5/9/19"
"How I Met Your Mother: Season 4: Right Place Right Time","5/9/19"
"How I Met Your Mother: Season 8: Lobster Crawl","5/5/19"
"How I Met Your Mother: Season 9: Sunrise","5/5/19"
"How I Met Your Mother: Season 9: The Rehearsal Dinner","5/5/19"
"How I Met Your Mother: Season 9: Bedtime Stories","5/5/19"
"How I Met Your Mother: Season 9: Knight Vision","5/5/19"
"How I Met Your Mother: Season 9: The Poker Game","5/5/19"
"How I Met Your Mother: Season 9: The Broken Code","5/5/19"
"How I Met Your Mother: Season 9: Last Time in New York","5/5/19"
"How I Met Your Mother: Season 4: Murtaugh","5/4/19"
"How I Met Your Mother: Season 6: Architect of Destruction","5/4/19"
"How I Met Your Mother: Season 6: Unfinished","5/4/19"
"How I Met Your Mother: Season 4: Happily Ever After","5/1/19"
"How I Met Your Mother: Season 4: I Heart NJ","5/1/19"
"How I Met Your Mother: Season 4: The Best Burger in New York","5/1/19"
"How I Met Your Mother: Season 4: Do I Know You?","5/1/19"
"Jim Gaffigan: Cinco","4/30/19"
"Selection Day: Episode 12","4/29/19"
"Selection Day: Episode 11","4/29/19"
"Selection Day: Episode 10","4/29/19"
"Selection Day: Episode 9","4/29/19"
"Selection Day: Episode 8","4/29/19"
"Selection Day: Episode 7","4/29/19"
"How I Met Your Mother: Purple Giraffe","4/29/19"
"How I Met Your Mother: Pilot","4/29/19"
"How I Met Your Mother: Game Night","4/28/19"
"How I Met Your Mother: Zip, Zip, Zip","4/28/19"
"How I Met Your Mother: Drumroll, Please","4/28/19"
"How I Met Your Mother: Season 6: Glitter","4/27/19"
"How I Met Your Mother: Season 6: Natural History","4/27/19"
"How I Met Your Mother: Season 6: Canning Randy","4/27/19"
"How I Met Your Mother: Season 5: Bagpipes","4/27/19"
"How I Met Your Mother: Season 3: Miracles","4/27/19"
"How I Met Your Mother: Season 3: Everything Must Go","4/27/19"
"How I Met Your Mother: Season 3: Rebound Bro","4/27/19"
"The Inbetweeners: Xmas Party","4/23/19"
"The Inbetweeners: Season 2: Will's Birthday","4/23/19"
"The Inbetweeners: Season 2: Work Experience","4/23/19"
"How I Met Your Mother: Season 5: Doppelgangers","4/22/19"
"How I Met Your Mother: Season 5: The Wedding Bride","4/22/19"
"How I Met Your Mother: Season 5: Robots Vs. Wrestlers","4/22/19"
"How I Met Your Mother: Season 5: Twin Beds","4/22/19"
"How I Met Your Mother: Season 5: Home Wreckers","4/22/19"
"How I Met Your Mother: Season 5: Zoo or False","4/22/19"
"How I Met Your Mother: Season 5: Say Cheese","4/22/19"
"How I Met Your Mother: Season 5: Of Course","4/22/19"
"How I Met Your Mother: Season 5: Hooked","4/22/19"
"How I Met Your Mother: Season 6: Blitzgiving","4/22/19"
"Sherlock: The Great Game","4/22/19"
"Sherlock: Series 2: A Scandal in Belgravia","4/22/19"
"Sherlock: The Blind Banker","4/22/19"
"How I Met Your Mother: Season 5: The Rough Patch","4/22/19"
"How I Met Your Mother: Season 4: The Naked Man","4/21/19"
"How I Met Your Mother: Season 4: Woooo!","4/21/19"
"How I Met Your Mother: Season 4: Not a Father's Day","4/21/19"
"Sick Note: Season 1: Playing Ball","4/20/19"
"Sick Note: Season 1: Queen of Hearts","4/20/19"
"Sick Note: Season 1: Janina Kolkiewicz","4/20/19"
"How I Met Your Mother: Season 3: Third Wheel","4/19/19"
"The Terminal","4/18/19"
"The Inbetweeners: Season 3: The Camping Trip","4/18/19"
"The Inbetweeners: Season 3: Home Alone","4/18/19"
"The Inbetweeners: Season 3: Will's Dilemma","4/18/19"
"The Inbetweeners: Season 3: The Gig and the Girlfriend","4/17/19"
"The Inbetweeners: Season 3: The Fashion Show","4/17/19"
"The Inbetweeners: First Day","4/17/19"
"The Inbetweeners: Bunk Off","4/17/19"
"How I Met Your Mother: Season 7: Now We're Even","4/17/19"
"How I Met Your Mother: Season 7: Trilogy Time","4/17/19"
"How I Met Your Mother: Season 7: The Broath","4/17/19"
"Loaded: Loaded: Season 1: Lawsuit","4/11/19"
"Friends from College: Season 1: Welcome to New York","4/11/19"
" : Episode 12","4/11/19"
" : Episode 5","4/11/19"
"Don't Trust the B---- in Apartment 23: Season 2: Sexy People...","4/10/19"
"Don't Trust the B---- in Apartment 23: Season 2: It's a Miracle...","4/10/19"
"Don't Trust the B---- in Apartment 23: Season 2: Love & Monsters...","4/10/19"
" : Episode 4","4/10/19"
"How I Met Your Mother: Season 9: Last Forever: Part Two","4/10/19"
"How I Met Your Mother: Season 9: Last Forever: Part One","4/10/19"
"How I Met Your Mother: Season 9: Daisy","4/10/19"
"How I Met Your Mother: Season 8: Splitsville","4/10/19"
"Don't Trust the B---- in Apartment 23: Season 2: A Weekend in the Hamptons...","4/10/19"
"Don't Trust the B---- in Apartment 23: Season 2: Using People...","4/10/19"
"Don't Trust the B---- in Apartment 23: Season 2: The Seven Year Bitch...","4/10/19"
"Don't Trust the B---- in Apartment 23: Season 2: Monday June...","4/10/19"
"Don't Trust the B---- in Apartment 23: Shitagi Nashi...","4/10/19"
"Don't Trust the B---- in Apartment 23: Parent Trap...","4/9/19"
"Brown Nation: Dhansukh Dilemma","4/9/19"
"Brown Nation: Baby Issue","4/9/19"
"Brown Nation: Fire Matt","4/9/19"
"How I Met Your Mother: Season 8: Farhampton","4/9/19"
"How I Met Your Mother: Season 7: The Magician's Code Part 2","4/9/19"
"How I Met Your Mother: Season 7: The Drunk Train","4/9/19"
"How I Met Your Mother: Season 7: The Burning Beekeeper","4/9/19"
"How I Met Your Mother: Season 7: 46 Minutes","4/9/19"
"How I Met Your Mother: Season 7: Tailgate","4/9/19"
"How I Met Your Mother: Season 7: Symphony of Illumination","4/9/19"
"How I Met Your Mother: Season 7: The Rebound Girl","4/9/19"
"Mad Men: Red in the Face","4/8/19"
"The Inbetweeners: Season 2: The Field Trip","4/7/19"
"Don't Trust the B---- in Apartment 23: The Leak...","4/7/19"
"Don't Trust the B---- in Apartment 23: Season 2: Dating Games...","4/7/19"
"Don't Trust the B---- in Apartment 23: Season 2: Teddy Trouble...","4/7/19"
"Don't Trust the B---- in Apartment 23: Season 2: Paris...","4/7/19"
"Don't Trust the B---- in Apartment 23: Season 2: Original Bitch...","4/7/19"
"Don't Trust the B---- in Apartment 23: Season 2: Ocupado...","4/6/19"
"Don't Trust the B---- in Apartment 23: Season 2: The D...","4/5/19"
"Don't Trust the B---- in Apartment 23: Season 2: A Reunion...","4/5/19"
"Don't Trust the B---- in Apartment 23: Mean Girls...","4/5/19"
"How I Met Your Mother: Season 6: Oh Honey","4/5/19"
"How I Met Your Mother: Season 6: The Mermaid Theory","4/5/19"
"The People vs. O.J. Simpson: The Run of His Life","4/5/19"
"The People vs. O.J. Simpson: From the Ashes of Tragedy","4/5/19"
"How I Met Your Mother: Season 5: Last Cigarette Ever","4/4/19"
"How I Met Your Mother: Season 5: The Window","4/4/19"
"How I Met Your Mother: Season 5: The Playbook","4/4/19"
"The Inbetweeners: Season 3: The Trip to Warwick","4/2/19"
"How I Met Your Mother: Season 7: Noretta","4/2/19"
"How I Met Your Mother: Season 7: Mystery vs. History","4/2/19"
"How I Met Your Mother: Season 6: The Perfect Cocktail","4/2/19"
"How I Met Your Mother: Season 6: A Change of Heart","4/2/19"
"How I Met Your Mother: Season 6: Garbage Island","4/2/19"
"How I Met Your Mother: Season 6: Desperation Day","4/1/19"
"How I Met Your Mother: Season 6: Last Words","4/1/19"
"Brown Nation: The 5 Year Anniversary","4/1/19"
"How I Met Your Mother: Season 6: Bad News","4/1/19"
"How I Met Your Mother: Season 6: False Positive","4/1/19"
"Brown Nation: I'm a SupaStar","4/1/19"
"Brown Nation: The Art of Loving","4/1/19"
"How I Met Your Mother: Season 6: Baby Talk","3/31/19"
"Brown Nation: Love & Death","3/31/19"
"Brown Nation: The Video Conference","3/31/19"
"Friends: Season 4: The One with the Dirty Girl","3/30/19"
"Friends: Season 4: The One with Joey's New Girlfriend","3/30/19"
"Friends: Season 4: The One with the Ballroom Dancing","3/30/19"
"Friends: Season 7: The One with Phoebe's Cookies","3/30/19"
"Brown Nation: The New Hire","3/30/19"
"Brown Nation: Farewell Papaji","3/30/19"
"The Hangover: Part III","3/28/19"
"The Inbetweeners: Season 2: A Night Out in London","3/28/19"
"F is for Family: Season 1: The Bleedin’ in Sweden","3/27/19"
"Louis C.K. 2017","3/27/19"
"How I Met Your Mother: Season 3: Ten Sessions","3/27/19"
"How I Met Your Mother: Season 9: Vesuvius","3/26/19"
"How I Met Your Mother: Season 9: Rally","3/26/19"
"How I Met Your Mother: Season 9: Unpause","3/26/19"
"How I Met Your Mother: Season 9: Platonish","3/26/19"
"How I Met Your Mother: Season 9: The Lighthouse","3/26/19"
"Nate Bargatze: The Tennessee Kid","3/26/19"
"Horsin' Around","3/25/19"
"The Inbetweeners","3/25/19"
"Don't Trust the B---- in Apartment 23: Daddy's Girl...","3/25/19"
"How I Met Your Mother: Season 9: No Questions Asked","3/24/19"
"How I Met Your Mother: Season 8: Romeward Bound","3/24/19"
"How I Met Your Mother: Season 8: The Fortress","3/24/19"
"How I Met Your Mother: Season 8: The Bro Mitzvah","3/24/19"
"White Gold: Season 1: Salesmen Are Like Vampires","3/24/19"
"Friends: Season 7: The One with Rachel's Book","3/22/19"
"Friends: Season 5: The One with the Yeti","3/22/19"
"Friends: Season 5: The One with the Kips","3/21/19"
"Friends: Season 5: The One Where Phoebe Hates PBS","3/21/19"
"Friends: Season 5: The One Hundredth","3/19/19"
"Friends: Season 5: The One with All the Kissing","3/19/19"
"Friends: Season 4: The One with the Wedding Dresses","3/19/19"
"Friends: Season 4: The One with All the Haste","3/19/19"
"Friends: Season 4: The One with Rachel's New Dress","3/18/19"
"Friends: Season 4: The One with the Free Porn","3/18/19"
"Friends: Season 4: The One with the Fake Party","3/18/19"
"Ratatouille","3/18/19"
"Johnny English Reborn","3/18/19"
"Friends: Season 4: The One with All the Rugby","3/17/19"
"Friends: Season 4: The One with Rachel's Crush","3/17/19"
"Patriot Act with Hasan Minhaj: Volume 2: Indian Elections","3/17/19"
"Friends: Season 4: The One with the Embryos","3/16/19"
"Friends: Season 4: The One with Phoebe's Uterus","3/16/19"
"Friends: Season 4: The One with the Girl from Poughkeepsie","3/16/19"
"Friends: Season 4: The One Where They're Going to Party","3/16/19"
"Hannibal Buress: Comedy Camisado","3/16/19"
"Friends: Season 4: The One with Chandler in a Box","3/14/19"
"Friends: Season 4: The One Where Chandler Crosses the Line","3/14/19"
"Friends: The One with All the Poker","3/13/19"
"Friends: Season 2: The One with Phoebe's Dad","3/13/19"
"Friends: Season 2: The One with the Prom Video","3/13/19"
"Friends: Season 2: The One After the Super Bowl: Part 2","3/13/19"
"Friends: Season 2: The One After the Super Bowl: Part 1","3/13/19"
"Friends: Season 8: The One Where Rachel Tells ...","3/12/19"
"Friends: Season 8: The One with the Red Sweater","3/12/19"
"Friends: Season 8: The One After I Do","3/12/19"
"Friends: Season 7: The One with Chandler and Monica's Wedding: Part 2","3/12/19"
"Patriot Act with Hasan Minhaj: Volume 1: Amazon","3/10/19"
"Patriot Act with Hasan Minhaj: Volume 1: Immigration Enforcement","3/10/19"
"Patriot Act with Hasan Minhaj: Volume 2: Hip-hop and Streaming","3/10/19"
"Don't Trust the B---- in Apartment 23: Pilot","3/7/19"
"Don't Trust the B---- in Apartment 23: Whatever It Takes...","3/6/19"
"Don't Trust the B---- in Apartment 23: The Scarlet Neighbor...","3/6/19"
"Friends: Season 7: The One with Chandler and Monica's Wedding: Part 1","3/4/19"
"Friends: The One with the Birth","3/4/19"
"Friends: The One with the Ick Factor","3/3/19"
"Friends: The One with the Fake Monica","3/3/19"
"Friends: The One with the Evil Orthodontist","3/3/19"
"Friends: The One Where the Monkey Gets Away","3/3/19"
"The Good Place: Season 2: Best Self","3/3/19"
"Patriot Act with Hasan Minhaj: Volume 2: Civil Rights Under Trump","3/3/19"
"Friends: Season 2: The One with the Bullies","3/1/19"
"Friends: Season 2: The One Where Old Yeller Dies","2/28/19"
"Friends: Season 2: The One Where Eddie Won't Go","2/28/19"
"Friends: Season 2: The One Where Dr. Ramoray Dies","2/28/19"
"Friends: Season 2: The One Where Eddie Moves In","2/28/19"
"Friends: Season 2: The One Where Joey Moves Out","2/28/19"
"Friends: Season 3: The One with the Princess Leia Fantasy","2/28/19"
"Friends: Season 2: The One with Barry and Mindy's Wedding","2/28/19"
"Friends: Season 2: The One with the Chicken Pox","2/25/19"
"Friends: Season 2: The One with the Two Parties","2/25/19"
"Friends: Season 3: The One with the Ultimate Fighting Champion","2/25/19"
"F is for Family: Season 3: Bill Murphy's Night Off","2/25/19"
"F is for Family: Season 3: Frank the Father","2/25/19"
"F is for Family: Season 3: It's In His Blood","2/25/19"
"F is for Family: Season 3: Summer Vacation","2/25/19"
"Friends: Season 3: The One with Ross's Thing","2/24/19"
"Friends: Season 3: The One with the Screamer","2/24/19"
"Patriot Act with Hasan Minhaj: Volume 2: Student Loans","2/24/19"
"Friends: Season 3: The One with a Chick. And a Duck","2/23/19"
"Friends: Season 3: The One with the Dollhouse","2/23/19"
"Friends: Season 3: The One with the Tiny T-Shirt","2/23/19"
"F is for Family: Season 3: Punch Drunk","2/23/19"
"Friends: Season 3: The One Without the Ski Trip","2/23/19"
"Friends: Season 3: The One Where Monica & Richard Are Just Friends","2/23/19"
"F is for Family: Season 3: Battle of the Sexes","2/23/19"
"F is for Family: Season 3: Mr. Murphy's Wild Ride","2/23/19"
"The Good Place: Season 2: Leap to Faith","2/22/19"
"The Good Place: Season 2: Derek","2/22/19"
"The Good Place: Season 2: Janet and Michael","2/22/19"
"The Good Place: Season 2: The Trolley Problem","2/22/19"
"The Good Place: Season 2: Dance Dance Resolution","2/22/19"
"F is for Family: Season 3: The Stinger","2/21/19"
"F is for Family: Season 3: Paul Lynde to Block","2/20/19"
"Don't Trust the B---- in Apartment 23: The Wedding...","2/20/19"
"Don't Trust the B---- in Apartment 23: Making Rent...","2/20/19"
"Don't Trust the B---- in Apartment 23: Season 2: Bar Lies...","2/20/19"
"F is for Family: Season 3: Are You Ready for the Summer?","2/20/19"
"F is for Family: Season 2: Landing the Plane","2/20/19"
"F is for Family: Season 2: Pray Away","2/19/19"
"F is for Family: Season 2: F Is for Fixing It","2/18/19"
"F is for Family: Season 2: Fight Night","2/18/19"
"F is for Family: Season 2: This Is Not Good","2/17/19"
"Patriot Act with Hasan Minhaj: Volume 1: Content Moderation and Free Speech","2/17/19"
"Patriot Act with Hasan Minhaj: Volume 2: Drug Pricing","2/17/19"
"F is for Family: Season 2: Breaking Bill","2/17/19"
"F is for Family: Season 2: Night Shift","2/17/19"
"F is for Family: Season 2: The Liar's Club","2/16/19"
"F is for Family: Season 2: A Girl Named Sue","2/15/19"
"F is for Family: Season 2: Heavy Sledding","2/15/19"
"F is for Family: Season 1: O Holy Moly Night","2/15/19"
"Friends: Season 3: The One Where No One's Ready","2/15/19"
"How I Met Your Mother: Season 8: The Ashtray","2/14/19"
"F is for Family: Season 1: 'F' is for Halloween","2/14/19"
"How I Met Your Mother: Season 8: Bad Crazy","2/14/19"
"F is for Family: Season 1: Saturday Bloody Saturday","2/14/19"
"Don't Trust the B---- in Apartment 23: It's Just Sex...","2/12/19"
"How I Met Your Mother: Season 8: P.S. I Love You","2/11/19"
"How I Met Your Mother: Season 8: Ring Up!","2/11/19"
"Patriot Act with Hasan Minhaj: Volume 2: Censorship in China","2/10/19"
"How I Met Your Mother: Season 8: Band or DJ?","2/9/19"
"How I Met Your Mother: Season 8: The Final Page: Part 2","2/9/19"
"How I Met Your Mother: Season 8: The Final Page: Part 1","2/9/19"
"How I Met Your Mother: Season 8: The Over-Correction","2/9/19"
"How I Met Your Mother: Season 8: Twelve Horny Women","2/9/19"
"Catch Me If You Can","2/9/19"
"How I Met Your Mother: Season 8: The Stamp Tramp","2/8/19"
"How I Met Your Mother: Season 8: The Autumn of Break-Ups","2/8/19"
"How I Met Your Mother: Season 8: Who Wants to Be a Godparent?","2/8/19"
"Friends: Season 7: The One with Joey's Award","2/8/19"
"Friends: Season 7: The One with the Cheap Wedding Dress","2/8/19"
"Friends: Season 7: The One with Joey's New Brain","2/8/19"
"Friends: Season 7: The One Where They're Up All Night","2/8/19"
"Friends: Season 7: The One with All the Cheesecakes","2/8/19"
"Friends: Season 7: The One with All the Candy","2/8/19"
"Friends: Season 7: The One Where Chandler Doesn't Like Dogs","2/8/19"
"Friends: Season 7: The One with Ross' Library Book","2/8/19"
"How I Met Your Mother: Season 8: The Pre-Nup","2/8/19"
"Friends: Season 7: The One with the Nap Partners","2/6/19"
"Friends: Season 5: The One with Joey's Big Break","2/6/19"
"Friends: Season 5: The One with the Ball","2/6/19"
"Friends: Season 5: The One with the Ride-Along","2/6/19"
"Friends: Season 5: The One with the Cop","2/6/19"
"Friends: Season 5: The One with Ross's Sandwich","2/6/19"
"Friends: The One with the Boobies","2/5/19"
"The Good Cop: Who Framed the Good Cop?","2/5/19"
" ","2/4/19"
" : Episode 16","2/4/19"
"The Good Place: Season 1: Everything Is Fine","2/2/19"
"The Good Place: Season 2: Existential Crisis","1/31/19"
"The Good Place: Season 2: Team Cockroach","1/31/19"
"The Good Place: Season 2: Everything Is Great!","1/31/19"
"The Good Place: Season 1: Michael's Gambit","1/30/19"
"The Good Place: Season 1: Mindy St. Claire","1/30/19"
"The Good Place: Season 1: What's My Motivation","1/30/19"
"The Good Place: Season 1: Chidi's Choice","1/30/19"
"The Good Place: Season 1: ...Someone Like Me as a Member","1/30/19"
"The Good Place: Season 1: Most Improved Player","1/30/19"
"The Good Place: Season 1: The Eternal Shriek","1/30/19"
"The Good Place: Season 1: What We Owe to Each Other","1/30/19"
"The Good Place: Season 1: Category 55 Emergency Doomsday Crisis","1/30/19"
"The Good Place: Season 1: Jason Mendoza","1/30/19"
"The Good Place: Season 1: Tahani Al-Jamil","1/29/19"
"How I Met Your Mother: Season 7: Karma","1/29/19"
"How I Met Your Mother: Season 7: No Pressure","1/29/19"
"How I Met Your Mother: Season 7: Tick Tick Tick","1/28/19"
"How I Met Your Mother: Season 7: Disaster Averted","1/28/19"
"How I Met Your Mother: Season 7: The Slutty Pumpkin Returns","1/28/19"
"How I Met Your Mother: Season 7: The Stinson Missile Crisis","1/26/19"
"How I Met Your Mother: Season 6: Landmarks","1/25/19"
"How I Met Your Mother: Season 6: Hopeless","1/24/19"
"The Imitation Game","1/17/19"
"Russell Howard: Recalibrate","1/17/19"
"Ricky Gervais: Humanity","1/17/19"
"Mad Men: Babylon","1/17/19"
"How I Met Your Mother: Season 5: Slapsgiving 2: Revenge of the Slap","1/16/19"
"Patriot Act with Hasan Minhaj: Volume 1: Saudi Arabia","1/13/19"
"Sherlock: A Study in Pink","1/12/19"
"Patriot Act with Hasan Minhaj: Volume 1: Supreme","1/9/19"
"Patriot Act with Hasan Minhaj: Volume 1: Oil","1/9/19"
"Bird Box","1/7/19"
" : Episode 15","12/31/18"
" : Episode 14","12/30/18"
" : Episode 13","12/30/18"
"Horrible Bosses","12/30/18"
" : Episode 12","12/30/18"
" : Episode 11","12/29/18"
" : Episode 10","12/29/18"
"Inception","12/29/18"
" : Episode 9","12/26/18"
" : Episode 8","12/25/18"
"That's My Boy","12/25/18"
" : Episode 7","12/25/18"
" : Episode 6","12/25/18"
" : Episode 5","12/25/18"
" : Episode 4","12/24/18"
" : Episode 3","12/23/18"
" : Episode 2","12/23/18"
" : Episode 1","12/23/18"
" : Episode 16","12/23/18"
" ","12/23/18"
"Popstar: Never Stop Never Stopping","12/22/18"
" : Episode 15","12/22/18"
" : Episode 14","12/22/18"
" : Episode 13","12/22/18"
" : Episode 12","12/22/18"
" : Episode 11","12/22/18"
" : Episode 10","12/22/18"
" : Episode 9","12/22/18"
" : Episode 8","12/22/18"
"Cuckoo: Season 1: The Homecoming","12/22/18"
" : Episode 7","12/22/18"
" : Episode 6","12/22/18"
"Hot Fuzz","12/22/18"
" : Episode 5","12/22/18"
" : Episode 4","12/22/18"
" : Episode 3","12/20/18"
" : Episode 2","12/20/18"
" : Episode 1","12/20/18"
"Unbreakable Kimmy Schmidt: Season 1: Kimmy Gets a Job!","12/20/18"
" : Episode 11","12/20/18"
" : Episode 10","12/19/18"
" : Episode 9","12/19/18"
" : Episode 8","12/19/18"
" : Episode 7","12/19/18"
" : Episode 6","12/19/18"
"Delivery Man","12/18/18"
"Sick Note: Season 2: Operation Thunderbolt","12/16/18"
"Sick Note: Season 2: The Loneliness of the Middle Distance Runner","12/16/18"
"Sick Note: Season 2: My Two Dads","12/15/18"
"Sick Note: Season 2: Constable Polly","12/9/18"
"Sick Note: Season 2: Breaking Bad","12/9/18"
"Sick Note: Season 2: Stay Hydrated","12/1/18"
"Sick Note: Season 2: New Balls","12/1/18"
"Sick Note: Season 2: Frantisek Kotzwara","12/1/18"
"Sick Note: Season 1: Chicken Soup","12/1/18"
"Sick Note: Season 1: Airplane Mode","12/1/18"
"Sick Note: Season 1: The Golden Grain","12/1/18"
"Friends: The One with the Dozen Lasagnas","11/8/18"
"Friends: The One with Mrs. Bing","11/8/18"
"Friends: The One with the Monkey","11/8/18"
"Friends: The One Where Underdog Gets Away","11/8/18"
"Friends: The One Where Nana Dies Twice","11/2/18"
"Friends: The One with the Blackout","11/2/18"
"Friends: The One with the Butt","11/2/18"
"Marvel's Daredevil: Cut Man","10/28/18"
"Weeds: Season 6: Bliss","10/28/18"
"Weeds: You Can't Miss the Bear","10/28/18"
"Trevor Noah: Afraid of the Dark","10/28/18"
"Marvel's Daredevil: Into the Ring","10/23/18"
"Mad Men: 5G","10/21/18"
"Stranger Things: Stranger Things 2: Chapter One: MADMAX","10/15/18"
"Stranger Things: Chapter Seven: The Bathtub","9/29/18"
"Friends: Season 6: The One Where Joey Loses His Insurance","9/24/18"
"Friends: Season 5: The One Where Ross Moves In","9/23/18"
"Unbreakable Kimmy Schmidt: Season 1: Kimmy Goes Outside!","9/14/18"
"Mad Men: New Amsterdam","9/12/18"
"Friends: The One with the East German Laundry Detergent","9/12/18"
"Friends: The One with George Stephanopoulos","9/12/18"
"Friends: The One with the Thumb","9/12/18"
"Friends: The One with the Sonogram at the End","9/12/18"
"Mad Men: Marriage of Figaro","9/10/18"
"Mad Men: Ladies Room","9/10/18"
"Sherlock: Series 4: The Final Problem","9/10/18"
"Sherlock: Series 4: The Lying Detective","9/10/18"
"Mad Men: Smoke Gets in Your Eyes","9/9/18"
"Stranger Things: Chapter Six: The Monster","9/7/18"
"Stranger Things: Chapter Five: The Flea and the Acrobat","9/7/18"
"Stranger Things: Chapter Four: The Body","9/7/18"
"Stranger Things: Chapter Three: Holly, Jolly","9/7/18"
"Stranger Things: Chapter Two: The Weirdo on Maple Street","9/7/18"
"Sherlock: Series 4: The Six Thatchers","9/4/18"
"Sherlock: Series 3: The Abominable Bride","9/3/18"
"Sherlock: Series 3: His Last Vow","9/3/18"
"Sherlock: Series 3: The Sign of Three","9/3/18"
"Sherlock: Series 3: The Empty Hearse","9/2/18"
"Sherlock: Series 2: The Reichenbach Fall","9/1/18"
"Sherlock: Series 2: The Hounds of Baskerville","9/1/18"
"To All the Boys I’ve Loved Before","8/29/18"
